ply,move_number,side,player,san,uci,fen_before,fen_after,E_before,E_after,cdepth,search_depth,search_mode,adaptive_c,U_current,U_after_move,candidate_delta_u,delta_u,U_player_current,U_before,U_after,cycle_delta_U,delta_U,delta_Q,delta_W,delta_A,decomposition_error,entropy_current,N_eff,N_eff_before,N_eff_after,effective_moves_current,selected_depth,adaptive_cdepth,adaptive_depth_before,adaptive_depth_after,K_expanded,K_old,K_new,old_support_size,new_support_size,common_support_size,common_mass_old,common_mass_new,common_probability_mass_old,common_probability_mass_new,old_only_probability_mass,new_only_probability_mass,boundary_accessibility,nodes_evaluated,static_evaluations,recursive_nodes,maximum_depth_reached,average_K,cache_hits,search_elapsed_time,selected_move,selected_for_deeper_analysis,selected_reply_expected_value,predicted_reply_expected_value,predicted_reply_entropy,reply_realized_value,prediction_error,repetition_count,is_twofold_repetition,is_threefold_repetition,can_claim_threefold_repetition,is_fivefold_repetition,is_checkmate,is_stalemate
1,1,white,White material conservative,Nf3,g1f3,rnbqkbnr/pppppppp/8/8/8/8/PPPPPPPP/RNBQKBNR w KQkq - 0 1,rnbqkbnr/pppppppp/8/8/8/5N2/PPPPPPPP/RNBQKB1R b KQkq - 1 1,0.0,0.20833333333333337,2,2,accurate,0.3,-0.012102807109191207,0.04854276479987064,0.06064557190906184,0.06064557190906184,-0.012102807109191207,,,,,,,,,2.566852304288482,13.024761861530884,13.024761861530884,,13.024761861530884,2,2,2,,4,,,,,,,,,,,,,33,24846,16,1,4.0606060606060606,1725,67.5327889570035,g1f3,True,0.04854276479987064,0.04854276479987064,,-0.015833333333333345,-0.06437609813320398,1,False,False,False,False,False,False
2,2,black,Black positional controller,d5,d7d5,rnbqkbnr/pppppppp/8/8/8/5N2/PPPPPPPP/RNBQKB1R b KQkq - 1 1,rnbqkbnr/ppp1pppp/8/3p4/8/5N2/PPPPPPPP/RNBQKB1R w KQkq - 0 2,0.20833333333333337,-0.015833333333333345,2,2,accurate,0.3,0.035593900253832675,-0.04468285240360552,-0.0802767526574382,-0.0802767526574382,0.035593900253832675,,,,,,,,,1.2088659669456716,3.349683845633517,3.349683845633517,,3.349683845633517,2,2,2,,2,,,,,,,,,,,,,7,4805,3,1,1.4285714285714286,180,14.05109887499566,d7d5,True,-0.04468285240360552,-0.04468285240360552,,0.11749999999999988,0.16218285240360542,1,False,False,False,False,False,False
3,2,white,White material conservative,Nc3,b1c3,rnbqkbnr/ppp1pppp/8/3p4/8/5N2/PPPPPPPP/RNBQKB1R w KQkq - 0 2,rnbqkbnr/ppp1pppp/8/3p4/8/2N2N2/PPPPPPPP/R1BQKB1R b KQkq - 1 2,-0.015833333333333345,0.11749999999999988,2,2,accurate,0.3,-0.0508551618406044,0.04718207482854689,0.09803723666915129,0.09803723666915129,-0.0508551618406044,-0.012102807109191207,-0.0508551618406044,-0.0387523547314132,-0.0387523547314132,0.08991167463315462,-0.07840747966297594,-0.05025654970159189,1.3877787807814457e-17,2.217105220105519,9.180716209980606,9.180716209980606,9.180716209980606,9.180716209980606,2,2,2,,3,4,3,20,22,16,0.8402003123110136,0.5804757709305183,0.8402003123110136,0.5804757709305183,0.15979968768898647,0.4195242290694817,,27,24256,13,1,2.8518518518518516,2012,71.39037226100481,b1c3,True,0.04718207482854689,0.04718207482854689,,0.025833333333333208,-0.02134874149521368,1,False,False,False,False,False,False
4,3,black,Black positional controller,Nf6,g8f6,rnbqkbnr/ppp1pppp/8/3p4/8/2N2N2/PPPPPPPP/R1BQKB1R b KQkq - 1 2,rnbqkb1r/ppp1pppp/5n2/3p4/8/2N2N2/PPPPPPPP/R1BQKB1R w KQkq - 2 3,0.11749999999999988,0.025833333333333208,2,2,accurate,0.3,0.05843018748677614,-0.02697369087746094,-0.08540387836423707,-0.08540387836423707,0.05843018748677614,0.035593900253832675,0.05843018748677614,0.022836287232943467,0.022836287232943467,0.00017477813963923775,-0.038303987041794725,0.060965496135098954,0.0,0.887703725840495,2.4295443411524635,2.4295443411524635,2.4295443411524635,2.4295443411524635,2,2,2,,1,2,1,20,28,18,0.31287708975025885,0.17496589811224367,0.31287708975025885,0.17496589811224367,0.687122910249741,0.8250341018877564,,4,3778,1,1,1.0,144,14.47941039300349,g8f6,False,-0.02697369087746094,-0.02697369087746094,,0.12499999999999983,0.15197369087746077,1,False,False,False,False,False,False
5,3,white,White material conservative,e3,e2e3,rnbqkb1r/ppp1pppp/5n2/3p4/8/2N2N2/PPPPPPPP/R1BQKB1R w KQkq - 2 3,rnbqkb1r/ppp1pppp/5n2/3p4/8/2N1PN2/PPPP1PPP/R1BQKB1R b KQkq - 0 3,0.025833333333333208,0.12499999999999983,2,2,accurate,0.3,-0.04103317827399027,0.09224204804068369,0.13327522631467395,0.13327522631467395,-0.04103317827399027,-0.0508551618406044,-0.04103317827399027,0.00982198356661413,0.00982198356661413,-0.02421411778027178,0.037766898400216756,-0.0037307970533308338,-1.0408340855860843e-17,1.7184915610210767,5.576110894153177,5.576110894153177,5.576110894153177,5.576110894153177,2,2,2,,2,3,2,22,24,18,0.8850419891729672,0.9629791480145778,0.8850419891729672,0.9629791480145778,0.1149580108270328,0.03702085198542233,,13,12982,6,1,1.8461538461538463,742,52.34459950400196,e2e3,True,0.09224204804068369,0.09224204804068369,,0.1166666666666665,0.024424618625982816,1,False,False,False,False,False,False
6,4,black,Black positional controller,c6,c7c6,rnbqkb1r/ppp1pppp/5n2/3p4/8/2N1PN2/PPPP1PPP/R1BQKB1R b KQkq - 0 3,rnbqkb1r/pp2pppp/2p2n2/3p4/8/2N1PN2/PPPP1PPP/R1BQKB1R w KQkq - 0 4,0.12499999999999983,0.1166666666666665,2,2,accurate,0.3,0.5691696124436348,0.12464214942776652,-0.4445274630158683,-0.4445274630158683,0.5691696124436348,0.05843018748677614,0.5691696124436348,0.5107394249568586,0.5107394249568586,-0.22703306454972264,0.2597747634760211,0.4779977260305603,-1.1102230246251565e-16,0.9325672483607328,2.5410242514774235,2.5410242514774235,2.5410242514774235,2.5410242514774235,2,2,2,,1,1,1,28,30,24,0.9784095620269003,0.19796906983820475,0.9784095620269003,0.19796906983820475,0.021590437973099716,0.8020309301617953,,4,4781,1,1,1.0,109,17.993657940001867,c7c6,False,0.12464214942776652,0.12464214942776652,,0.2537499999999998,0.12910785057223328,1,False,False,False,False,False,False
7,4,white,White material conservative,Bd3,f1d3,rnbqkb1r/pp2pppp/2p2n2/3p4/8/2N1PN2/PPPP1PPP/R1BQKB1R w KQkq - 0 4,rnbqkb1r/pp2pppp/2p2n2/3p4/8/2NBPN2/PPPP1PPP/R1BQK2R b KQkq - 1 4,0.1166666666666665,0.2537499999999998,2,2,accurate,0.3,0.09409800179177266,0.2115921741673662,0.11749417237559354,0.11749417237559354,0.09409800179177266,-0.04103317827399027,0.09409800179177266,0.13513118006576294,0.13513118006576294,0.019445772199247948,0.09936332055409092,0.01632208731242406,0.0,1.275835129355509,3.581691337017851,3.581691337017851,3.581691337017851,3.581691337017851,2,2,2,,2,2,2,24,31,22,0.929804244530986,0.8771973923511,0.929804244530986,0.8771973923511,0.07019575546901416,0.12280260764889996,,12,13598,2,1,1.4166666666666667,1038,58.90037697600201,f1d3,False,0.2115921741673662,0.2115921741673662,,0.17124999999999996,-0.04034217416736624,1,False,False,False,False,False,False
8,5,black,Black positional controller,Qd6,d8d6,rnbqkb1r/pp2pppp/2p2n2/3p4/8/2NBPN2/PPPP1PPP/R1BQK2R b KQkq - 1 4,rnb1kb1r/pp2pppp/2pq1n2/3p4/8/2NBPN2/PPPP1PPP/R1BQK2R w KQkq - 2 5,0.2537499999999998,0.17124999999999996,2,2,accurate,0.3,0.13139314031388682,0.05367617846756084,-0.07771696184632598,-0.07771696184632598,0.13139314031388682,0.5691696124436348,0.13139314031388682,-0.437776472129748,-0.437776472129748,-0.0943987750564,-0.3870280629590508,0.043650365885702765,0.0,1.9466218208572041,7.004983475702468,7.004983475702468,7.004983475702468,7.004983475702468,2,2,2,,3,1,3,30,31,27,0.9482343504645102,0.7598722252497835,0.9482343504645102,0.7598722252497835,0.05176564953548982,0.24012777475021646,,8,9827,3,1,1.5,237,38.79918948800332,d8d6,False,0.05367617846756084,0.05367617846756084,,0.1795833333333333,0.12590715486577245,1,False,False,False,False,False,False
9,5,white,White material conservative,h3,h2h3,rnb1kb1r/pp2pppp/2pq1n2/3p4/8/2NBPN2/PPPP1PPP/R1BQK2R w KQkq - 2 5,rnb1kb1r/pp2pppp/2pq1n2/3p4/8/2NBPN1P/PPPP1PP1/R1BQK2R b KQkq - 0 5,0.17124999999999996,0.1795833333333333,2,2,accurate,0.3,0.048562617978429305,0.17920989339336402,0.1306472754149347,0.1306472754149347,0.048562617978429305,0.09409800179177266,0.048562617978429305,-0.04553538381334336,-0.04553538381334336,1.0523826376432017,-1.1206423249612059,0.022724303504660644,1.3183898417423734e-16,0.04016088541254033,1.0409782389341264,1.0409782389341264,1.0409782389341264,1.0409782389341264,2,2,2,,1,2,1,31,36,24,0.861109709255508,0.004199726174071953,0.861109709255508,0.004199726174071953,0.13889029074449194,0.9958002738259282,,10,14180,1,1,1.0,849,70.30749302000186,h2h3,False,0.17920989339336402,0.17920989339336402,,0.14624999999999996,-0.032959893393364054,1,False,False,False,False,False,False
10,6,black,Black positional controller,Bd7,c8d7,rnb1kb1r/pp2pppp/2pq1n2/3p4/8/2NBPN1P/PPPP1PP1/R1BQK2R b KQkq - 0 5,rn2kb1r/pp1bpppp/2pq1n2/3p4/8/2NBPN1P/PPPP1PP1/R1BQK2R w KQkq - 1 6,0.1795833333333333,0.14624999999999996,2,2,accurate,0.3,0.15605524810243154,0.0203412326497535,-0.13571401545267806,-0.13571401545267806,0.15605524810243154,0.13139314031388682,0.15605524810243154,0.024662107788544718,0.024662107788544718,-0.5493800251042781,0.5921447098097455,-0.0181025769169227,-4.163336342344337e-17,2.46186669339793,11.72668124006844,11.72668124006844,11.72668124006844,11.72668124006844,2,2,2,,4,3,4,31,38,26,0.5890969202115794,0.7479640853461531,0.5890969202115794,0.7479640853461531,0.4109030797884205,0.2520359146538468,,10,12715,4,1,2.3,325,44.21841037699778,c8d7,False,0.0203412326497535,0.0203412326497535,,0.13791666666666663,0.11757543401691313,1,False,False,False,False,False,False
11,6,white,White material conservative,Qe2,d1e2,rn2kb1r/pp1bpppp/2pq1n2/3p4/8/2NBPN1P/PPPP1PP1/R1BQK2R w KQkq - 1 6,rn2kb1r/pp1bpppp/2pq1n2/3p4/8/2NBPN1P/PPPPQPP1/R1B1K2R b KQkq - 2 6,0.14624999999999996,0.13791666666666663,2,2,accurate,0.3,-0.030544723981299822,0.12006726416491062,0.15061198814621043,0.15061198814621043,-0.030544723981299822,0.048562617978429305,-0.030544723981299822,-0.07910734195972913,-0.07910734195972913,-0.00010031509722493908,-0.07891907208802537,-8.795477447882484e-05,1.3877787807814457e-17,0.04157626041236728,1.042452656689753,1.042452656689753,1.042452656689753,1.042452656689753,2,2,2,,1,1,1,36,37,34,0.9993466698707042,0.9995909648741534,0.9993466698707042,0.9995909648741534,0.0006533301292959043,0.0004090351258466273,,8,10780,1,1,1.0,633,55.42767694599752,d1e2,False,0.12006726416491062,0.12006726416491062,,0.012916666666666632,-0.10715059749824399,1,False,False,False,False,False,False
12,7,black,Black positional controller,Na6,b8a6,rn2kb1r/pp1bpppp/2pq1n2/3p4/8/2NBPN1P/PPPPQPP1/R1B1K2R b KQkq - 2 6,r3kb1r/pp1bpppp/n1pq1n2/3p4/8/2NBPN1P/PPPPQPP1/R1B1K2R w KQkq - 3 7,0.13791666666666663,0.012916666666666632,2,2,accurate,0.3,-0.02059133948319875,-0.10051602555008268,-0.07992468606688394,-0.07992468606688394,-0.02059133948319875,0.15605524810243154,-0.02059133948319875,-0.1766465875856303,-0.1766465875856303,0.0381462374529778,-0.2123388229353662,-0.002454002103241897,2.7755575615628914e-17,1.9543365856269197,7.059234272428097,7.059234272428097,7.059234272428097,7.059234272428097,2,2,2,,3,4,3,38,33,28,0.9203913522883568,0.9762284956991502,0.9203913522883568,0.9762284956991502,0.07960864771164321,0.023771504300849833,,7,8295,3,1,2.4285714285714284,202,27.586222963000182,b8a6,True,-0.10051602555008268,-0.10051602555008268,,3.0341666666666667,3.1346826922167494,1,False,False,False,False,False,False
13,7,white,White material conservative,Bxa6,d3a6,r3kb1r/pp1bpppp/n1pq1n2/3p4/8/2NBPN1P/PPPPQPP1/R1B1K2R w KQkq - 3 7,r3kb1r/pp1bpppp/B1pq1n2/3p4/8/2N1PN1P/PPPPQPP1/R1B1K2R b KQkq - 0 7,0.012916666666666632,3.0341666666666667,2,2,accurate,0.3,-0.14230772884265175,1.009235618315163,1.1515433471578147,1.1515433471578147,-0.14230772884265175,-0.030544723981299822,-0.14230772884265175,-0.11176300486135193,-0.11176300486135193,-2.2260552431140275e-05,-0.11170553605931302,-3.520824960776212e-05,-1.3877787807814457e-17,0.04751891416975675,1.0486660355811235,1.0486660355811235,1.0486660355811235,1.0486660355811235,2,2,2,,1,1,1,37,36,32,0.999227773734784,0.9992961078665855,0.999227773734784,0.9992961078665855,0.0007722262652160197,0.0007038921334143231,,3,3840,1,1,1.0,76,14.042933547003486,d3a6,True,1.009235618315163,1.009235618315163,,0.02583333333333332,-0.9834022849818296,1,False,False,False,False,False,False
14,8,black,Black positional controller,bxa6,b7a6,r3kb1r/pp1bpppp/B1pq1n2/3p4/8/2N1PN1P/PPPPQPP1/R1B1K2R b KQkq - 0 7,r3kb1r/p2bpppp/p1pq1n2/3p4/8/2N1PN1P/PPPPQPP1/R1B1K2R w KQkq - 0 8,3.0341666666666667,0.02583333333333332,2,2,accurate,0.3,1.0116819530884413,0.9786958918106078,-0.032986061277833545,-0.032986061277833545,1.0116819530884413,-0.02059133948319875,1.0116819530884413,1.03227329257164,1.03227329257164,-1.7317514337737403,1.7535717592079316,1.0104529671374487,0.0,0.08083694089974944,1.084194094439018,1.084194094439018,1.084194094439018,1.084194094439018,2,2,2,,1,3,1,33,36,30,0.9583725367417498,0.00016049557997600283,0.9583725367417498,0.00016049557997600283,0.04162746325825022,0.999839504420024,,3,4238,1,1,1.0,70,16.905115918001684,b7a6,True,0.9786958918106078,0.9786958918106078,,1.0629166666666667,0.08422077485605894,1,False,False,False,False,False,False
15,8,white,White material conservative,Qxa6,e2a6,r3kb1r/p2bpppp/p1pq1n2/3p4/8/2N1PN1P/PPPPQPP1/R1B1K2R w KQkq - 0 8,r3kb1r/p2bpppp/Q1pq1n2/3p4/8/2N1PN1P/PPPP1PP1/R1B1K2R b KQkq - 0 8,0.02583333333333332,1.0629166666666667,2,2,accurate,0.3,0.9896224211120629,1.0184632520724135,0.028840830960350616,0.028840830960350616,0.9896224211120629,-0.14230772884265175,0.9896224211120629,1.1319301499547145,1.1319301499547145,0.13297073718987462,0.006151778271903481,0.9928076344929365,0.0,0.11870239827664845,1.1260347585340729,1.1260347585340729,1.1260347585340729,1.1260347585340729,2,2,2,,1,1,1,36,35,29,0.9999155433676586,0.02507803590090078,0.9999155433676586,0.02507803590090078,8.44566323412241e-05,0.9749219640990991,,5,8083,2,1,1.0,190,35.8544858460009,e2a6,True,1.0184632520724135,1.0184632520724135,,0.9675,-0.05096325207241348,1,False,False,False,False,False,False
16,9,black,Black positional controller,Qb4,d6b4,r3kb1r/p2bpppp/Q1pq1n2/3p4/8/2N1PN1P/PPPP1PP1/R1B1K2R b KQkq - 0 8,r3kb1r/p2bpppp/Q1p2n2/3p4/1q6/2N1PN1P/PPPP1PP1/R1B1K2R w KQkq - 1 9,1.0629166666666667,0.9675,2,2,accurate,0.3,0.9788904621874781,0.9334737216244506,-0.04541674056302747,-0.04541674056302747,0.9788904621874781,1.0116819530884413,0.9788904621874781,-0.03279149090096323,-0.03279149090096323,2.4984103562152224,-1.5199653586084376,-1.011236488507748,0.0,0.05308935595692386,1.0545238688989698,1.0545238688989698,1.0545238688989698,1.0545238688989698,2,2,2,,1,1,1,36,32,32,0.00014945073362119388,0.9999999999999999,0.00014945073362119388,0.9999999999999999,0.9998505492663788,0,,4,5760,1,1,1.0,107,21.294299514003797,d6b4,False,0.9334737216244506,0.9334737216244506,,0.9841666666666666,0.050692945042216,1,False,False,False,False,False,False
17,9,white,White material conservative,b3,b2b3,r3kb1r/p2bpppp/Q1p2n2/3p4/1q6/2N1PN1P/PPPP1PP1/R1B1K2R w KQkq - 1 9,r3kb1r/p2bpppp/Q1p2n2/3p4/1q6/1PN1PN1P/P1PP1PP1/R1B1K2R b KQkq - 0 9,0.9675,0.9841666666666666,2,2,accurate,0.3,0.9953707869421423,1.0167963842051737,0.021425597263031393,0.021425597263031393,0.9953707869421423,0.9896224211120629,0.9953707869421423,0.005748365830079427,0.005748365830079427,0.41882505508351797,0.5797549485212972,-0.9928316377747355,-2.220446049250313e-16,0.026250665863597956,1.0265982493605645,1.0265982493605645,1.0265982493605645,1.0265982493605645,2,2,2,,1,1,1,35,43,28,0.02509322578658808,0.999931312633577,0.02509322578658808,0.999931312633577,0.9749067742134118,6.8687366422971e-05,,5,7456,1,1,1.0,213,29.343591297001694,b2b3,False,1.0167963842051737,1.0167963842051737,,0.9758333333333333,-0.04096305087184038,1,False,False,False,False,False,False
18,10,black,Black positional controller,h5,h7h5,r3kb1r/p2bpppp/Q1p2n2/3p4/1q6/1PN1PN1P/P1PP1PP1/R1B1K2R b KQkq - 0 9,r3kb1r/p2bppp1/Q1p2n2/3p3p/1q6/1PN1PN1P/P1PP1PP1/R1B1K2R w KQkq - 0 10,0.9841666666666666,0.9758333333333333,2,2,accurate,0.3,1.11056645199925,0.9421476555293326,-0.16841879646991742,-0.16841879646991742,1.11056645199925,0.9788904621874781,1.11056645199925,0.13167598981177187,0.13167598981177187,0.000772600567939882,0.13272852076160657,-0.001825131517774683,1.1102230246251565e-16,0.1267358812470702,1.1351171724538247,1.1351171724538247,1.1351171724538247,1.1351171724538247,2,2,2,,1,1,1,32,39,22,0.9968612794432441,0.9989070041305734,0.9968612794432441,0.9989070041305734,0.003138720556755852,0.0010929958694266481,,4,5286,1,1,1.0,90,19.33022018900374,h7h5,False,0.9421476555293326,0.9421476555293326,,1.0591666666666666,0.11701901113733404,1,False,False,False,False,False,False
19,10,white,White material conservative,Ba3,c1a3,r3kb1r/p2bppp1/Q1p2n2/3p3p/1q6/1PN1PN1P/P1PP1PP1/R1B1K2R w KQkq - 0 10,r3kb1r/p2bppp1/Q1p2n2/3p3p/1q6/BPN1PN1P/P1PP1PP1/R3K2R b KQkq - 1 10,0.9758333333333333,1.0591666666666666,2,2,accurate,0.3,1.0085223404482895,1.2138356010876818,0.20531326063939237,0.20531326063939237,1.0085223404482895,0.9953707869421423,1.0085223404482895,0.013151553506147162,0.013151553506147162,-0.0004532125119359456,0.012646057700679314,0.0009587083174036861,1.0755285551056204e-16,0.030120805096547045,1.0305790256324416,1.0305790256324416,1.0305790256324416,1.0305790256324416,2,2,2,,1,1,1,43,44,42,0.9998704965661537,0.9990566446610634,0.9998704965661537,0.9990566446610634,0.00012950343384640053,0.0009433553389365801,,4,5950,1,1,1.0,110,21.22286477200396,c1a3,False,1.2138356010876818,1.2138356010876818,,1.1854166666666666,-0.028418934421015285,1,False,False,False,False,False,False
20,11,black,Black positional controller,Qb6,b4b6,r3kb1r/p2bppp1/Q1p2n2/3p3p/1q6/BPN1PN1P/P1PP1PP1/R3K2R b KQkq - 1 10,r3kb1r/p2bppp1/Qqp2n2/3p3p/8/BPN1PN1P/P1PP1PP1/R3K2R w KQkq - 2 11,1.0591666666666666,1.1854166666666666,2,2,accurate,0.3,1.1847864241157084,1.1715687406522473,-0.013217683463461194,-0.013217683463461194,1.1847864241157084,1.11056645199925,1.1847864241157084,0.07421997211645848,0.07421997211645848,-4.582130531222081,4.663571454881184,-0.007220951542644769,-3.608224830031759e-16,0.5414795470254365,1.718547654180557,1.718547654180557,1.718547654180557,1.718547654180557,2,2,2,,1,1,1,39,40,36,0.9923971712921054,1.0,0.9923971712921054,1.0,0.007602828707894734,1.5571108361829938e-39,,4,5148,1,1,1.0,76,17.43803450300038,b4b6,False,1.1715687406522473,1.1715687406522473,,1.1808333333333332,0.009264592681085926,1,False,False,False,False,False,False
21,11,white,White material conservative,Qa4,a6a4,r3kb1r/p2bppp1/Qqp2n2/3p3p/8/BPN1PN1P/P1PP1PP1/R3K2R w KQkq - 2 11,r3kb1r/p2bppp1/1qp2n2/3p3p/Q7/BPN1PN1P/P1PP1PP1/R3K2R b KQkq - 3 11,1.1854166666666666,1.1808333333333332,2,2,accurate,0.3,1.2282874825373902,1.2453341601182153,0.01704667758082512,0.01704667758082512,1.2282874825373902,1.0085223404482895,1.2282874825373902,0.2197651420891007,0.2197651420891007,4.559326142825122,-4.338254240560876,-0.0013067601751451283,5.551115123125783e-17,1.3226140393535923,3.753219628986453,3.753219628986453,3.753219628986453,3.753219628986453,2,2,2,,2,1,2,44,48,38,0.9988452305004437,1.0,0.9988452305004437,1.0,0.0011547694995562537,4.195215914788379e-53,,6,6777,2,1,1.1666666666666667,161,22.37165627200011,a6a4,False,1.2453341601182153,1.2453341601182153,,1.1145833333333333,-0.13075082678488203,1,False,False,False,False,False,False
22,12,black,Black positional controller,Ne4,f6e4,r3kb1r/p2bppp1/1qp2n2/3p3p/Q7/BPN1PN1P/P1PP1PP1/R3K2R b KQkq - 3 11,r3kb1r/p2bppp1/1qp5/3p3p/Q3n3/BPN1PN1P/P1PP1PP1/R3K2R w KQkq - 4 12,1.1808333333333332,1.1145833333333333,2,2,accurate,0.3,1.3691933238604626,1.0580021805340343,-0.3111911433264283,-0.3111911433264283,1.3691933238604626,1.1847864241157084,1.3691933238604626,0.1844068997447541,0.1844068997447541,0.010886275829266392,-0.008761743231797176,0.18228236714728485,2.7755575615628914e-17,0.028406274461534625,1.0288135802088028,1.0288135802088028,1.0288135802088028,1.0288135802088028,2,2,2,,1,1,1,40,38,23,4.743573147240392e-26,0.0019013823265071745,4.743573147240392e-26,0.0019013823265071745,1.0,0.9980986176734928,,4,6156,1,1,1.0,96,27.871254848003446,f6e4,False,1.0580021805340343,1.0580021805340343,,4.20125,3.143247819465966,1,False,False,False,False,False,False
23,12,white,White material conservative,Nxe4,c3e4,r3kb1r/p2bppp1/1qp5/3p3p/Q3n3/BPN1PN1P/P1PP1PP1/R3K2R w KQkq - 4 12,r3kb1r/p2bppp1/1qp5/3p3p/Q3N3/BP2PN1P/P1PP1PP1/R3K2R b KQkq - 0 12,1.1145833333333333,4.20125,2,2,accurate,0.3,1.074560232009352,2.6597126370983437,1.5851524050889918,1.5851524050889918,1.074560232009352,1.2282874825373902,1.074560232009352,-0.15372725052803826,-0.15372725052803826,-3.425759868377031,4.499712598209121,-1.2276799803601284,0.0,0.05280684448311347,1.054225995884852,1.054225995884852,1.054225995884852,1.054225995884852,2,2,2,,1,2,1,48,44,35,9.055099377371374e-53,0.99948122266067,9.055099377371374e-53,0.99948122266067,1.0,0.0005187773393300964,,4,6015,1,1,1.0,127,23.186875612998847,c3e4,False,2.6597126370983437,2.6597126370983437,,1.1854166666666666,-1.4742959704316771,1,False,False,False,False,False,False
24,13,black,Black positional controller,dxe4,d5e4,r3kb1r/p2bppp1/1qp5/3p3p/Q3N3/BP2PN1P/P1PP1PP1/R3K2R b KQkq - 0 12,r3kb1r/p2bppp1/1qp5/7p/Q3p3/BP2PN1P/P1PP1PP1/R3K2R w KQkq - 0 13,4.20125,1.1854166666666666,2,2,accurate,0.3,4.212602086958074,2.321430691601065,-1.8911713953570088,-1.8911713953570088,4.212602086958074,1.3691933238604626,4.212602086958074,2.8434087630976115,2.8434087630976115,4.388029766515372,-1.5443076551166222,-0.0003133483011374854,-4.440892098500626e-16,1.4862363073690134e-06,1.0000014862374118,1.0000014862374118,1.0000014862374118,1.0000014862374118,2,2,2,,1,1,1,38,37,34,0.9997228347293503,0.9999999286336502,0.9997228347293503,0.9999999286336502,0.0002771652706496023,7.136634971350396e-08,,3,4536,1,1,1.0,66,21.3952849289999,d5e4,True,2.321430691601065,2.321430691601065,,2.3337499999999998,0.01231930839893458,1,False,False,False,False,False,False
25,13,white,White material conservative,Qxe4,a4e4,r3kb1r/p2bppp1/1qp5/7p/Q3p3/BP2PN1P/P1PP1PP1/R3K2R w KQkq - 0 13,r3kb1r/p2bppp1/1qp5/7p/4Q3/BP2PN1P/P1PP1PP1/R3K2R b KQkq - 0 13,1.1854166666666666,2.3337499999999998,2,2,accurate,0.3,2.242541281736557,2.2438792235660134,0.0013379418294565681,0.0013379418294565681,2.242541281736557,1.074560232009352,2.242541281736557,1.167981049727205,1.167981049727205,-0.3830440988620691,1.5515455787680168,-0.0005204301787429474,2.220446049250313e-16,0.00970520735870759,1.009752455611307,1.009752455611307,1.009752455611307,1.009752455611307,2,2,2,,1,1,1,44,40,38,0.9995708873979221,1.0,0.9995708873979221,1.0,0.0004291126020779421,2.1032100700143227e-17,,4,4063,1,1,1.0,79,18.473474079997686,a4e4,False,2.2438792235660134,2.2438792235660134,,2.2091666666666665,-0.034712556899346936,1,False,False,False,False,False,False
26,14,black,Black positional controller,Qb5,b6b5,r3kb1r/p2bppp1/1qp5/7p/4Q3/BP2PN1P/P1PP1PP1/R3K2R b KQkq - 0 13,r3kb1r/p2bppp1/2p5/1q5p/4Q3/BP2PN1P/P1PP1PP1/R3K2R w KQkq - 1 14,2.3337499999999998,2.2091666666666665,2,2,accurate,0.3,2.2194938994553435,2.2163595746708054,-0.003134324784538123,-0.003134324784538123,2.2194938994553435,4.212602086958074,2.2194938994553435,-1.9931081875027306,-1.9931081875027306,0.05064221204299079,-2.0437502339003104,-1.6564541115459252e-07,2.220446049250313e-16,0.05911509380650878,1.06089733642656,1.06089733642656,1.06089733642656,1.06089733642656,2,2,2,,1,1,1,37,35,35,0.9999999286451188,1.0,0.9999999286451188,1.0,7.135488116582781e-08,0,,4,3743,1,1,2.0,52,17.339354441995965,b6b5,False,2.2163595746708054,2.2163595746708054,,2.325833333333333,0.10947375866252784,1,False,False,False,False,False,False
27,14,white,White material conservative,Qe5,e4e5,r3kb1r/p2bppp1/2p5/1q5p/4Q3/BP2PN1P/P1PP1PP1/R3K2R w KQkq - 1 14,r3kb1r/p2bppp1/2p5/1q2Q2p/8/BP2PN1P/P1PP1PP1/R3K2R b KQkq - 2 14,2.2091666666666665,2.325833333333333,2,2,accurate,0.3,2.1877598357460553,2.32936730818788,0.1416074724418248,0.1416074724418248,2.1877598357460553,2.242541281736557,2.1877598357460553,-0.05478144599050161,-0.05478144599050161,0.1263392531512821,2.038628923789372,-2.2197496229311566,8.881784197001252e-16,0.11910993887205437,1.1264937569339013,1.1264937569339013,1.1264937569339013,1.1264937569339013,2,2,2,,1,1,1,40,44,28,0.0011737923670395627,0.9905305224280477,0.0011737923670395627,0.9905305224280477,0.9988262076329605,0.009469477571952281,,6,9734,1,1,1.0,328,65.17700640999828,e4e5,False,2.32936730818788,2.32936730818788,,2.2325,-0.09686730818788014,1,False,False,False,False,False,False
28,15,black,Black positional controller,Qd5,b5d5,r3kb1r/p2bppp1/2p5/1q2Q2p/8/BP2PN1P/P1PP1PP1/R3K2R b KQkq - 2 14,r3kb1r/p2bppp1/2p5/3qQ2p/8/BP2PN1P/P1PP1PP1/R3K2R w KQkq - 3 15,2.325833333333333,2.2325,2,2,accurate,0.3,2.230958096544791,2.079228706832077,-0.1517293897127141,-0.1517293897127141,2.230958096544791,2.2194938994553435,2.230958096544791,0.01146419708944757,0.01146419708944757,2.808335991451737,-0.5809072846197093,-2.21596450974258,0.0,1.877069899350458,6.534330538405366,6.534330538405366,6.534330538405366,6.534330538405366,2,2,2,,2,1,2,35,37,22,9.80157402196617e-13,0.9986227844260478,9.80157402196617e-13,0.9986227844260478,0.9999999999990199,0.0013772155739521482,,6,7052,2,1,1.8333333333333333,126,22.49033679599961,b5d5,False,2.079228706832077,2.079228706832077,,2.2408333333333332,0.1616046265012563,1,False,False,False,False,False,False
29,15,white,White material conservative,Bb4,a3b4,r3kb1r/p2bppp1/2p5/3qQ2p/8/BP2PN1P/P1PP1PP1/R3K2R w KQkq - 3 15,r3kb1r/p2bppp1/2p5/3qQ2p/1B6/1P2PN1P/P1PP1PP1/R3K2R b KQkq - 4 15,2.2325,2.2408333333333332,2,2,accurate,0.3,2.181063198061682,2.3423976636542965,0.16133446559261433,0.16133446559261433,2.181063198061682,2.1877598357460553,2.181063198061682,-0.006696637684373119,-0.006696637684373119,-1.4620365323219566,-0.023892060526891575,1.479231955164476,-8.881784197001252e-16,1.0973895270982987,2.996333957095528,2.996333957095528,2.996333957095528,2.996333957095528,2,2,2,,1,1,1,44,49,27,0.9867736879463619,0.31222084942621836,0.9867736879463619,0.31222084942621836,0.013226312053638114,0.6877791505737817,,4,4802,1,1,1.0,102,14.108307173999492,a3b4,False,2.3423976636542965,2.3423976636542965,,2.2075,-0.13489766365429645,1,False,False,False,False,False,False
30,16,black,Black positional controller,f6,f7f6,r3kb1r/p2bppp1/2p5/3qQ2p/1B6/1P2PN1P/P1PP1PP1/R3K2R b KQkq - 4 15,r3kb1r/p2bp1p1/2p2p2/3qQ2p/1B6/1P2PN1P/P1PP1PP1/R3K2R w KQkq - 0 16,2.2408333333333332,2.2075,2,2,accurate,0.3,2.3779166560039924,2.0708333354078166,-0.3070833205961758,-0.3070833205961758,2.3779166560039924,2.230958096544791,2.3779166560039924,0.14695855945920133,0.14695855945920133,-2.2112426129614335,-0.016186066023627495,2.374387238444262,4.440892098500626e-16,2.679330453009071e-07,1.0000002679330813,1.0000002679330813,1.0000002679330813,1.0000002679330813,2,2,2,,1,2,1,37,35,22,0.9986227844260478,1.2625493602287053e-08,0.9986227844260478,1.2625493602287053e-08,0.0013772155739521482,0.9999999873745065,,4,4534,1,1,2.0,72,13.173433681004099,f7f6,False,2.0708333354078166,2.0708333354078166,,2.2279166666666668,0.1570833312588502,1,False,False,False,False,False,False
31,16,white,White material conservative,e4,e3e4,r3kb1r/p2bp1p1/2p2p2/3qQ2p/1B6/1P2PN1P/P1PP1PP1/R3K2R w KQkq - 0 16,r3kb1r/p2bp1p1/2p2p2/3qQ2p/1B2P3/1P3N1P/P1PP1PP1/R3K2R b KQkq - 0 16,2.2075,2.2279166666666668,2,2,accurate,0.3,2.1723495268196005,2.3091690320526514,0.13681950523305098,0.13681950523305098,2.1723495268196005,2.181063198061682,2.1723495268196005,-0.008713671242081666,-0.008713671242081666,3.418641447627046,-3.426267829198585,-0.0010872896705421205,-6.036837696399289e-16,0.008390802693179222,1.0084261041448577,1.0084261041448577,1.0084261041448577,1.0084261041448577,2,2,2,,1,1,1,49,49,41,0.9995225481599344,1.0,0.9995225481599344,1.0,0.00047745184006569707,2.061872775077439e-54,,4,4827,1,1,1.0,105,12.871957561001182,e3e4,False,2.3091690320526514,2.3091690320526514,,-7.03125,-9.340419032052651,1,False,False,False,False,False,False
32,17,black,Black positional controller,Qxe5,d5e5,r3kb1r/p2bp1p1/2p2p2/3qQ2p/1B2P3/1P3N1P/P1PP1PP1/R3K2R b KQkq - 0 16,r3kb1r/p2bp1p1/2p2p2/4q2p/1B2P3/1P3N1P/P1PP1PP1/R3K2R w KQkq - 0 17,2.2279166666666668,-7.03125,2,2,accurate,0.3,2.228320348664586,-0.9569144806930941,-3.18523482935768,-3.18523482935768,2.228320348664586,2.3779166560039924,2.228320348664586,-0.1495963073394062,-0.1495963073394062,-1.3177923025997007e-08,-0.1495962841343921,-1.0027091292282129e-08,2.220446049250313e-16,2.4492107372121883e-07,1.0000002449211036,1.0000002449211036,1.0000002449211036,1.0000002449211036,2,2,2,,1,1,1,35,37,32,0.9999999952505562,0.9999999999999342,0.9999999952505562,0.9999999999999342,4.749443818755536e-09,6.566506559241042e-14,,3,3298,1,1,1.0,49,7.675542798999231,d5e5,True,-0.9569144806930941,-0.9569144806930941,,2.19625,3.153164480693094,1,False,False,False,False,False,False
33,17,white,White material conservative,Nxe5,f3e5,r3kb1r/p2bp1p1/2p2p2/4q2p/1B2P3/1P3N1P/P1PP1PP1/R3K2R w KQkq - 0 17,r3kb1r/p2bp1p1/2p2p2/4N2p/1B2P3/1P5P/P1PP1PP1/R3K2R b KQkq - 0 17,-7.03125,2.19625,2,2,accurate,0.3,-1.027498897013239,-1.027498897013239,0.0,0.0,-1.027498897013239,2.1723495268196005,-1.027498897013239,-3.1998484238328393,-3.1998484238328393,-1.3838099780800801e-19,-1.3762521714490457e-19,-3.1998484238328393,0.0,5.37687900788576e-21,1.0,1.0,1.0,1.0,2,2,2,,1,1,1,49,32,31,1.3052942772058409e-53,1.0502269918945731e-22,1.3052942772058409e-53,1.0502269918945731e-22,1.0,1.0,,3,2467,1,1,1.0,62,4.358505192998564,f3e5,True,-1.027498897013239,-1.027498897013239,,-0.9404166666666667,0.08708223034657236,1,False,False,False,False,False,False
34,18,black,Black positional controller,fxe5,f6e5,r3kb1r/p2bp1p1/2p2p2/4N2p/1B2P3/1P5P/P1PP1PP1/R3K2R b KQkq - 0 17,r3kb1r/p2bp1p1/2p5/4p2p/1B2P3/1P5P/P1PP1PP1/R3K2R w KQkq - 0 18,2.19625,-0.9404166666666667,2,2,accurate,0.3,-0.9569144808686365,-0.9569165617157805,-2.0808471440370013e-06,-2.0808471440370013e-06,-0.9569144808686365,2.228320348664586,-0.9569144808686365,-3.185234829533223,-3.185234829533223,0.6448760824700425,-1.6017905633386798,-2.2283203486645857,0.0,9.982254565682086e-06,1.0000099823043886,1.0000099823043886,1.0000099823043886,1.0000099823043886,2,2,2,,1,1,1,37,22,22,2.595454057064987e-16,1.0,2.595454057064987e-16,1.0,0.9999999999999996,0,,3,2056,1,1,1.0,46,4.681611605999933,f6e5,True,-0.9569165617157805,-0.9569165617157805,,-0.7987500000000001,0.15816656171578047,1,False,False,False,False,False,False
35,18,white,White material conservative,d3,d2d3,r3kb1r/p2bp1p1/2p5/4p2p/1B2P3/1P5P/P1PP1PP1/R3K2R w KQkq - 0 18,r3kb1r/p2bp1p1/2p5/4p2p/1B2P3/1P1P3P/P1P2PP1/R3K2R b KQkq - 0 18,-0.9404166666666667,-0.7987500000000001,2,2,accurate,0.3,-1.0274989270739174,-0.8008271417669639,0.22667178530695353,0.22667178530695353,-1.0274989270739174,-1.027498897013239,-1.0274989270739174,-3.0060678390952944e-08,-3.0060678390952944e-08,-2270.7239590607737,2269.696645035567,1.0273139951457524,1.4788170688007085e-13,0.8089505186656932,2.245550086705637,2.245550086705637,2.245550086705637,2.245550086705637,2,2,2,,1,1,1,32,28,26,1.0502269918945731e-22,0.9997908737179547,1.0502269918945731e-22,0.9997908737179547,1.0,0.00020912628204540777,,4,2807,1,1,1.0,86,6.022248403001868,d2d3,False,-0.8008271417669639,-0.8008271417669639,,-0.7820833333333334,0.01874380843363055,1,False,False,False,False,False,False
36,19,black,Black positional controller,Rd8,a8d8,r3kb1r/p2bp1p1/2p5/4p2p/1B2P3/1P1P3P/P1P2PP1/R3K2R b KQkq - 0 18,3rkb1r/p2bp1p1/2p5/4p2p/1B2P3/1P1P3P/P1P2PP1/R3K2R w KQk - 1 19,-0.7987500000000001,-0.7820833333333334,2,2,accurate,0.3,0.775187513248779,-0.9346885349372868,-1.7098760481860658,-1.7098760481860658,0.775187513248779,-0.9569144808686365,0.775187513248779,1.7321019941174156,1.7321019941174156,1.8382188076840253,-1.0630327485040254,0.9569159349374158,0.0,0.6735410515238506,1.9611696422884954,1.9611696422884954,1.9611696422884954,1.9611696422884954,2,2,2,,1,1,1,22,21,20,6.547528839576174e-07,0.9999999998108592,6.547528839576174e-07,0.9999999998108592,0.9999993452471161,1.8914091635605213e-10,,4,2211,1,1,1.0,63,4.566912892005348,a8d8,False,-0.9346885349372868,-0.9346885349372868,,-0.7620833333333334,0.17260520160395332,1,False,False,False,False,False,False
37,19,white,White material conservative,Bc3,b4c3,3rkb1r/p2bp1p1/2p5/4p2p/1B2P3/1P1P3P/P1P2PP1/R3K2R w KQk - 1 19,3rkb1r/p2bp1p1/2p5/4p2p/4P3/1PBP3P/P1P2PP1/R3K2R b KQk - 2 19,-0.7820833333333334,-0.7620833333333334,2,2,accurate,0.3,-0.9439144479142875,-0.6301045826512187,0.31380986526306875,0.31380986526306875,-0.9439144479142875,-1.0274989270739174,-0.9439144479142875,0.08358447915962997,0.08358447915962997,-0.0025720818022982334,0.08565385051942012,0.0005027104425082223,-1.5265566588595902e-16,0.7317805459537754,2.0787786753665958,2.0787786753665958,2.0787786753665958,2.0787786753665958,2,2,2,,1,1,1,28,29,26,0.9992838151601852,0.9999139700537144,0.9992838151601852,0.9999139700537144,0.0007161848398149233,8.602994628548964e-05,,7,4725,1,1,1.0,500,11.785844985002768,b4c3,False,-0.6301045826512187,-0.6301045826512187,,-0.8120833333333335,-0.18197875068211478,1,False,False,False,False,False,False
38,20,black,Black positional controller,Rb8,d8b8,3rkb1r/p2bp1p1/2p5/4p2p/4P3/1PBP3P/P1P2PP1/R3K2R b KQk - 2 19,1r2kb1r/p2bp1p1/2p5/4p2p/4P3/1PBP3P/P1P2PP1/R3K2R w KQk - 3 20,-0.7620833333333334,-0.8120833333333335,2,2,accurate,0.3,2.3531416715870934,-0.46671033638129705,-2.8198520079683904,-2.8198520079683904,2.3531416715870934,0.775187513248779,2.3531416715870934,1.5779541583383145,1.5779541583383145,0.7918445938215921,0.48302100003269693,0.30308856448402594,-4.440892098500626e-16,0.004639649080559807,1.0046504289174607,1.0046504289174607,1.0046504289174607,1.0046504289174607,2,2,2,,1,1,1,21,19,16,0.6150976524850614,0.9998387803588038,0.6150976524850614,0.9998387803588038,0.38490234751493874,0.00016121964119617278,,4,2434,1,1,1.5,72,5.254688667002483,d8b8,False,-0.46671033638129705,-0.46671033638129705,,0.27333333333333315,0.7400436697146302,1,False,False,False,False,False,False
39,20,white,White material conservative,Bxe5,c3e5,1r2kb1r/p2bp1p1/2p5/4p2p/4P3/1PBP3P/P1P2PP1/R3K2R w KQk - 3 20,1r2kb1r/p2bp1p1/2p5/4B2p/4P3/1P1P3P/P1P2PP1/R3K2R b KQk - 0 20,-0.8120833333333335,0.27333333333333315,2,2,accurate,0.3,0.06940951754890602,0.2847567580362908,0.2153472404873848,0.2153472404873848,0.06940951754890602,-0.9439144479142875,0.06940951754890602,1.0133239654631936,1.0133239654631936,0.7979809758012283,-0.012207553992136268,0.2275505436541014,2.220446049250313e-16,0.6208749163254375,1.8605551600303045,1.8605551600303045,1.8605551600303045,1.8605551600303045,2,2,2,,1,1,1,29,27,20,0.9980575687665474,0.162178519678405,0.9980575687665474,0.162178519678405,0.0019424312334525703,0.8378214803215949,,7,6293,3,1,1.0,340,16.61774776299717,c3e5,True,0.2847567580362908,0.2847567580362908,,0.19458333333333327,-0.09017342470295753,1,False,False,False,False,False,False
40,21,black,Black positional controller,Rb4,b8b4,1r2kb1r/p2bp1p1/2p5/4B2p/4P3/1P1P3P/P1P2PP1/R3K2R b KQk - 0 20,4kb1r/p2bp1p1/2p5/4B2p/1r2P3/1P1P3P/P1P2PP1/R3K2R w KQk - 1 21,0.27333333333333315,0.19458333333333327,2,2,accurate,0.3,0.168674210389926,0.15826217194470596,-0.01041203844522004,-0.01041203844522004,0.168674210389926,2.3531416715870934,0.168674210389926,-2.1844674611971673,-2.1844674611971673,-3.8361779663945823,1.4829703698535757,0.16874013534383867,8.881784197001252e-16,0.56366733011701,1.7571045813548296,1.7571045813548296,1.7571045813548296,1.7571045813548296,2,2,2,,1,1,1,19,25,16,0.9998387803588038,1.93248163118131e-20,0.9998387803588038,1.93248163118131e-20,0.00016121964119617278,1.0,,4,2968,1,1,1.0,68,6.4314517629973125,b8b4,False,0.15826217194470596,0.15826217194470596,,0.21666666666666662,0.05840449472196066,1,False,False,False,False,False,False
41,21,white,White material conservative,Bc3,e5c3,4kb1r/p2bp1p1/2p5/4B2p/1r2P3/1P1P3P/P1P2PP1/R3K2R w KQk - 1 21,4kb1r/p2bp1p1/2p5/7p/1r2P3/1PBP3P/P1P2PP1/R3K2R b KQk - 2 21,0.19458333333333327,0.21666666666666662,2,2,accurate,0.3,0.15335896483761677,0.3213756649267227,0.16801670008910594,0.16801670008910594,0.15335896483761677,0.06940951754890602,0.15335896483761677,0.08394944728871075,0.08394944728871075,-0.33046369617943644,0.6355538075451252,-0.22114066407697802,-4.163336342344337e-17,0.8161655066394511,2.2618102916304035,2.2618102916304035,2.2618102916304035,2.2618102916304035,2,2,2,,1,1,1,27,33,20,0.162178519678405,0.9749269279495864,0.162178519678405,0.9749269279495864,0.8378214803215949,0.025073072050413675,,5,3502,1,1,1.0,95,8.100947200000519,e5c3,False,0.3213756649267227,0.3213756649267227,,0.27499999999999986,-0.04637566492672285,1,False,False,False,False,False,False
42,22,black,Black positional controller,Rb5,b4b5,4kb1r/p2bp1p1/2p5/7p/1r2P3/1PBP3P/P1P2PP1/R3K2R b KQk - 2 21,4kb1r/p2bp1p1/2p5/1r5p/4P3/1PBP3P/P1P2PP1/R3K2R w KQk - 3 22,0.21666666666666662,0.27499999999999986,2,2,accurate,0.3,0.1458832292173145,0.12828110215126365,-0.017602127066050854,-0.017602127066050854,0.1458832292173145,0.168674210389926,0.1458832292173145,-0.022790981172611496,-0.022790981172611496,7.501720095795142e-08,-5.75459712158537e-09,-0.022791050435215315,-1.734723475976807e-17,0.5670902784507756,1.7631293649328001,1.7631293649328001,1.7631293649328001,1.7631293649328001,2,2,2,,1,1,1,25,27,17,1.932481899008032e-20,1.517423582550333e-08,1.932481899008032e-20,1.517423582550333e-08,1.0,0.9999999848257641,,4,2753,1,1,1.0,70,6.1057581569984904,b4b5,False,0.12828110215126365,0.12828110215126365,,0.2916666666666665,0.16338556451540287,1,False,False,False,False,False,False
43,22,white,White material conservative,a4,a2a4,4kb1r/p2bp1p1/2p5/1r5p/4P3/1PBP3P/P1P2PP1/R3K2R w KQk - 3 22,4kb1r/p2bp1p1/2p5/1r5p/P3P3/1PBP3P/2P2PP1/R3K2R b KQk - 0 22,0.27499999999999986,0.2916666666666665,2,2,accurate,0.3,0.12923573752805567,0.3290411887750733,0.19980545124701765,0.19980545124701765,0.12923573752805567,0.15335896483761677,0.12923573752805567,-0.024123227309561096,-0.024123227309561096,0.0036031490488693274,-0.023445263723520796,-0.004281112634909643,1.3877787807814457e-17,0.7406674894694117,2.097334996396611,2.097334996396611,2.097334996396611,2.097334996396611,2,2,2,,1,1,1,33,30,20,0.9749269279495864,0.9978290063747733,0.9749269279495864,0.9978290063747733,0.025073072050413675,0.002170993625226622,,5,4585,1,1,1.0,177,10.659587993999594,a2a4,False,0.3290411887750733,0.3290411887750733,,0.31208333333333316,-0.016957855441740166,1,False,False,False,False,False,False
44,23,black,Black positional controller,Rb8,b5b8,4kb1r/p2bp1p1/2p5/1r5p/P3P3/1PBP3P/2P2PP1/R3K2R b KQk - 0 22,1r2kb1r/p2bp1p1/2p5/7p/P3P3/1PBP3P/2P2PP1/R3K2R w KQk - 1 23,0.2916666666666665,0.31208333333333316,2,2,accurate,0.3,0.24873329847288123,0.20609045670390916,-0.04264284176897207,-0.04264284176897207,0.24873329847288123,0.1458832292173145,0.24873329847288123,0.10285006925556672,0.10285006925556672,-7.626513875618786e-08,6.991976495336055e-09,0.10285013852872896,2.7755575615628914e-17,1.0811998847173843,2.9482149476664508,2.9482149476664508,2.9482149476664508,2.9482149476664508,2,2,2,,1,1,1,27,29,18,1.517624272926286e-08,1.1042982746206684e-14,1.517624272926286e-08,1.1042982746206684e-14,0.9999999848237573,0.9999999999999889,,4,2917,1,1,1.0,66,5.946724182002072,b5b8,False,0.20609045670390916,0.20609045670390916,,0.32416666666666644,0.11807620996275728,1,False,False,False,False,False,False
45,23,white,White material conservative,b4,b3b4,1r2kb1r/p2bp1p1/2p5/7p/P3P3/1PBP3P/2P2PP1/R3K2R w KQk - 1 23,1r2kb1r/p2bp1p1/2p5/7p/PP2P3/2BP3P/2P2PP1/R3K2R b KQk - 0 23,0.31208333333333316,0.32416666666666644,2,2,accurate,0.3,0.17242503947913085,0.3496369751531639,0.17721193567403304,0.17721193567403304,0.17242503947913085,0.12923573752805567,0.17242503947913085,0.043189301951075176,0.043189301951075176,-0.07358853917665943,0.11698705000444433,-0.00020920887670970717,-1.3877787807814457e-17,0.9011601897396633,2.462458373452893,2.462458373452893,2.462458373452893,2.462458373452893,2,2,2,,1,1,1,30,31,28,0.9985408326254118,0.9992743153676286,0.9985408326254118,0.9992743153676286,0.0014591673745881417,0.0007256846323713621,,6,5013,1,1,1.0,198,12.85843668999587,b3b4,False,0.3496369751531639,0.3496369751531639,,0.29916666666666647,-0.05047030848649742,1,False,False,False,False,False,False
46,24,black,Black positional controller,Rh6,h8h6,1r2kb1r/p2bp1p1/2p5/7p/PP2P3/2BP3P/2P2PP1/R3K2R b KQk - 0 23,1r2kb2/p2bp1p1/2p4r/7p/PP2P3/2BP3P/2P2PP1/R3K2R w KQ - 1 24,0.32416666666666644,0.29916666666666647,2,2,accurate,0.3,3.506434084175773,0.14231264177597774,-3.3641214423997954,-3.3641214423997954,3.506434084175773,0.24873329847288123,3.506434084175773,3.257700785702892,3.257700785702892,4.496146549873256,-0.9897435434465407,-0.24870222072382325,4.440892098500626e-16,0.006341840975051067,1.0063619930263725,1.0063619930263725,1.0063619930263725,1.0063619930263725,2,2,2,,1,1,1,29,25,18,1.1042982746206684e-14,0.9998574173987599,1.1042982746206684e-14,0.9998574173987599,0.9999999999999889,0.00014258260124013115,,4,2792,1,1,1.0,69,6.136103480996098,h8h6,False,0.14231264177597774,0.14231264177597774,,0.29916666666666647,0.15685402489068873,1,False,False,False,False,False,False
47,24,white,White material conservative,Rb1,a1b1,1r2kb2/p2bp1p1/2p4r/7p/PP2P3/2BP3P/2P2PP1/R3K2R w KQ - 1 24,1r2kb2/p2bp1p1/2p4r/7p/PP2P3/2BP3P/2P2PP1/1R2K2R b K - 2 24,0.29916666666666647,0.29916666666666647,2,2,accurate,0.3,0.1461600919765823,0.3097143422325178,0.1635542502559355,0.1635542502559355,0.1461600919765823,0.17242503947913085,0.1461600919765823,-0.02626494750254854,-0.02626494750254854,0.008029573886961006,-0.024879044131852976,-0.009415477257656566,-6.938893903907228e-18,0.7378669323785686,2.0914695071529694,2.0914695071529694,2.0914695071529694,2.0914695071529694,2,2,2,,1,1,1,31,29,28,0.9521289060580462,0.9999999993401169,0.9521289060580462,0.9999999993401169,0.0478710939419537,6.598831911241683e-10,,9,7962,1,1,1.0,580,21.504061573999934,a1b1,False,0.3097143422325178,0.3097143422325178,,0.1295833333333332,-0.18013100889918462,1,False,False,False,False,False,False
48,25,black,Black positional controller,e5,e7e5,1r2kb2/p2bp1p1/2p4r/7p/PP2P3/2BP3P/2P2PP1/1R2K2R b K - 2 24,1r2kb2/p2b2p1/2p4r/4p2p/PP2P3/2BP3P/2P2PP1/1R2K2R w K - 0 25,0.29916666666666647,0.1295833333333332,2,2,accurate,0.3,1.6924685079524868,-0.022528979406087106,-1.7149974873585738,-1.7149974873585738,1.6924685079524868,3.506434084175773,1.6924685079524868,-1.8139655762232862,-1.8139655762232862,-1.7039892190893529,-0.1419495045581654,0.031973147424231754,2.220446049250313e-16,1.679412643117058,5.362405400236849,5.362405400236849,5.362405400236849,5.362405400236849,2,2,2,,2,1,2,25,28,22,0.9999976741739139,0.6196698306689817,0.9999976741739139,0.6196698306689817,2.325826086068665e-06,0.38033016933101826,,6,4556,2,1,1.1666666666666667,133,9.490805971996451,e7e5,False,-0.022528979406087106,-0.022528979406087106,,0.15458333333333318,0.1771123127394203,1,False,False,False,False,False,False
49,25,white,White material conservative,b5,b4b5,1r2kb2/p2b2p1/2p4r/4p2p/PP2P3/2BP3P/2P2PP1/1R2K2R w K - 0 25,1r2kb2/p2b2p1/2p4r/1P2p2p/P3P3/2BP3P/2P2PP1/1R2K2R b K - 0 25,0.1295833333333332,0.15458333333333318,2,2,accurate,0.3,-0.09695382046364079,0.08382834128385941,0.1807821617475002,0.1807821617475002,-0.09695382046364079,0.1461600919765823,-0.09695382046364079,-0.2431139124402231,-0.2431139124402231,0.01151878523752446,-0.1806973902717805,-0.07393530740596704,0.0,0.1555383194894883,1.1682867033595654,1.1682867033595654,1.1682867033595654,1.1682867033595654,2,2,2,,1,1,1,29,26,20,0.5107819582951855,0.9975845897501008,0.5107819582951855,0.9975845897501008,0.4892180417048146,0.002415410249899298,,4,2303,1,1,1.5,47,5.054739311999583,b4b5,False,0.08382834128385941,0.08382834128385941,,-0.8529166666666669,-0.9367450079505263,1,False,False,False,False,False,False
50,26,black,Black positional controller,cxb5,c6b5,1r2kb2/p2b2p1/2p4r/1P2p2p/P3P3/2BP3P/2P2PP1/1R2K2R b K - 0 25,1r2kb2/p2b2p1/7r/1p2p2p/P3P3/2BP3P/2P2PP1/1R2K2R w K - 0 26,0.15458333333333318,-0.8529166666666669,2,2,accurate,0.3,0.0421464252732066,-0.8342826535347362,-0.8764290788079427,-0.8764290788079427,0.0421464252732066,1.6924685079524868,0.0421464252732066,-1.6503220826792802,-1.6503220826792802,-1.6808588062418557,0.015699496354277396,0.014837227208298168,0.0,0.5835904198935178,1.7924625844658686,1.7924625844658686,1.7924625844658686,1.7924625844658686,2,2,2,,1,2,1,28,32,25,0.9772621523212629,0.23727908015509297,0.9772621523212629,0.23727908015509297,0.022737847678737023,0.7627209198449071,,4,3824,1,1,1.0,96,9.698213919997215,c6b5,False,-0.8342826535347362,-0.8342826535347362,,0.23249999999999985,1.066782653534736,1,False,False,False,False,False,False
51,26,white,White material conservative,Bxe5,c3e5,1r2kb2/p2b2p1/7r/1p2p2p/P3P3/2BP3P/2P2PP1/1R2K2R w K - 0 26,1r2kb2/p2b2p1/7r/1p2B2p/P3P3/3P3P/2P2PP1/1R2K2R b K - 0 26,-0.8529166666666669,0.23249999999999985,2,2,accurate,0.3,-0.9065368779185191,0.3098420088883162,1.2163788868068353,1.2163788868068353,-0.9065368779185191,-0.09695382046364079,-0.9065368779185191,-0.8095830574548784,-0.8095830574548784,0.17207437400065043,-0.9758688909582045,-0.0057885404973242694,0.0,0.07063445596126444,1.0731888563696774,1.0731888563696774,1.0731888563696774,1.0731888563696774,2,2,2,,1,1,1,26,30,25,0.999999997346359,0.9946345838509865,0.999999997346359,0.9946345838509865,2.6536411039729608e-09,0.005365416149013491,,3,4019,1,1,1.0,80,8.65535340399947,c3e5,True,0.3098420088883162,0.3098420088883162,,0.2491666666666665,-0.06067534222164969,1,False,False,False,False,False,False
52,27,black,Black positional controller,Rhb6,h6b6,1r2kb2/p2b2p1/7r/1p2B2p/P3P3/3P3P/2P2PP1/1R2K2R b K - 0 26,1r2kb2/p2b2p1/1r6/1p2B2p/P3P3/3P3P/2P2PP1/1R2K2R w K - 1 27,0.23249999999999985,0.2491666666666665,2,2,accurate,0.3,1.0149211539575043,0.2680308135674842,-0.74689034039002,-0.74689034039002,1.0149211539575043,0.0421464252732066,1.0149211539575043,0.9727747286842977,0.9727747286842977,-0.10789258653660266,1.0781105422206556,0.002556773000244568,2.220446049250313e-16,1.02910239940444,2.7985527243910364,2.7985527243910364,2.7985527243910364,2.7985527243910364,2,2,2,,1,1,1,32,35,29,0.9969387271563847,0.9999999990632892,0.9969387271563847,0.9999999990632892,0.003061272843615439,9.367108596521206e-10,,4,2464,1,1,1.0,44,4.6632888879976235,h6b6,False,0.2680308135674842,0.2680308135674842,,5.2749999999999995,5.006969186432515,1,False,False,False,False,False,False
53,27,white,White material conservative,Bxb8,e5b8,1r2kb2/p2b2p1/1r6/1p2B2p/P3P3/3P3P/2P2PP1/1R2K2R w K - 1 27,1B2kb2/p2b2p1/1r6/1p5p/P3P3/3P3P/2P2PP1/1R2K2R b K - 0 27,0.2491666666666665,5.2749999999999995,2,2,accurate,0.3,0.16178177490330645,2.0137282205118794,1.851946445608573,1.851946445608573,0.16178177490330645,-0.9065368779185191,0.16178177490330645,1.0683186528218256,1.0683186528218256,-0.00291496197895416,1.0710370547025687,0.00019656009821086376,2.220446049250313e-16,0.02537160499227528,1.0256962035436619,1.0256962035436619,1.0256962035436619,1.0256962035436619,2,2,2,,1,1,1,30,37,23,0.993783695532108,0.9999415856190459,0.993783695532108,0.9999415856190459,0.00621630446789195,5.8414380954167476e-05,,3,2634,1,1,1.0,56,5.716723612000351,e5b8,True,2.0137282205118794,2.0137282205118794,,2.075833333333333,0.06210511282145381,1,False,False,False,False,False,False
54,28,black,Black positional controller,Rxb8,b6b8,1B2kb2/p2b2p1/1r6/1p5p/P3P3/3P3P/2P2PP1/1R2K2R b K - 0 27,1r2kb2/p2b2p1/8/1p5p/P3P3/3P3P/2P2PP1/1R2K2R w K - 0 28,5.2749999999999995,2.075833333333333,2,2,accurate,0.3,2.1377438683833137,2.1377438673347497,-1.0485639023727344e-09,-1.0485639023727344e-09,2.1377438683833137,1.0149211539575043,2.1377438683833137,1.1228227144258094,1.1228227144258094,-1.356257609881518,0.600745103496128,1.8783352208111994,0.0,7.618017107353744e-09,1.000000007618017,1.000000007618017,1.000000007618017,1.000000007618017,2,2,2,,1,1,1,35,30,21,0.23543629510311026,2.740047820917018e-10,0.23543629510311026,2.740047820917018e-10,0.7645637048968899,0.9999999997259951,,3,2526,1,1,1.0,58,4.680524038994918,b6b8,True,2.1377438673347497,2.1377438673347497,,2.075833333333333,-0.06191053400141655,1,False,False,False,False,False,False
55,28,white,White material conservative,d4,d3d4,1r2kb2/p2b2p1/8/1p5p/P3P3/3P3P/2P2PP1/1R2K2R w K - 0 28,1r2kb2/p2b2p1/8/1p5p/P2PP3/7P/2P2PP1/1R2K2R b K - 0 28,2.075833333333333,2.075833333333333,2,2,accurate,0.3,2.0137282205050244,2.056125088280701,0.04239686777567675,0.04239686777567675,2.0137282205050244,0.16178177490330645,2.0137282205050244,1.851946445601718,1.851946445601718,0.0004547128966439161,1.8515057684413359,-1.4035736262228768e-05,4.440892098500626e-16,0.029069153941093946,1.0294957857044464,1.0294957857044464,1.0294957857044464,1.0294957857044464,2,2,2,,1,1,1,37,26,25,0.9999423497578147,0.9999995126749197,0.9999423497578147,0.9999995126749197,5.7650242185387744e-05,4.87325080339298e-07,,7,4401,1,1,1.0,213,12.56443133099674,d3d4,False,2.056125088280701,2.056125088280701,,1.9675,-0.08862508828070115,1,False,False,False,False,False,False
56,29,black,Black positional controller,Bd6,f8d6,1r2kb2/p2b2p1/8/1p5p/P2PP3/7P/2P2PP1/1R2K2R b K - 0 28,1r2k3/p2b2p1/3b4/1p5p/P2PP3/7P/2P2PP1/1R2K2R w K - 1 29,2.075833333333333,1.9675,2,2,accurate,0.3,2.0753631053304167,1.9719455659130107,-0.10341753941740595,-0.10341753941740595,2.0753631053304167,2.1377438683833137,2.0753631053304167,-0.06238076305289697,-0.06238076305289697,4.571058661053098,-2.550080174205404,-2.083359249900591,-4.440892098500626e-16,1.521376475638816,4.57852308519019,4.57852308519019,4.57852308519019,4.57852308519019,2,2,2,,2,1,2,30,26,21,2.740047820917018e-10,0.9750269992341098,2.740047820917018e-10,0.9750269992341098,0.9999999997259951,0.024973000765890156,,6,2955,2,1,1.5,93,6.348600454999541,f8d6,False,1.9719455659130107,1.9719455659130107,,1.9833333333333334,0.011387767420322659,1,False,False,False,False,False,False
57,29,white,White material conservative,e5,e4e5,1r2k3/p2b2p1/3b4/1p5p/P2PP3/7P/2P2PP1/1R2K2R w K - 1 29,1r2k3/p2b2p1/3b4/1p2P2p/P2P4/7P/2P2PP1/1R2K2R b K - 0 29,1.9675,1.9833333333333334,2,2,accurate,0.3,1.943227451375854,2.0100707395839716,0.06684328820811758,0.06684328820811758,1.943227451375854,2.0137282205050244,1.943227451375854,-0.07050076912917036,-0.07050076912917036,0.0001392143937623961,-0.070639249954828,-7.335681044990007e-07,-2.636779683484747e-16,0.027054588839081163,1.0274238871099273,1.0274238871099273,1.0274238871099273,1.0274238871099273,2,2,2,,1,1,1,26,26,25,0.9999994450203666,0.9999995582772254,0.9999994450203666,0.9999995582772254,5.549796333963447e-07,4.4172277463682676e-07,,5,3883,1,1,2.6,152,12.03284831700148,e4e5,False,2.0100707395839716,2.0100707395839716,,0.9704166666666667,-1.039654072917305,1,False,False,False,False,False,False
58,30,black,Black positional controller,bxa4,b5a4,1r2k3/p2b2p1/3b4/1p2P2p/P2P4/7P/2P2PP1/1R2K2R b K - 0 29,1r2k3/p2b2p1/3b4/4P2p/p2P4/7P/2P2PP1/1R2K2R w K - 0 30,1.9833333333333334,0.9704166666666667,2,2,accurate,0.3,2.40312300302416,0.9909174121588703,-1.4122055908652897,-1.4122055908652897,2.40312300302416,2.0753631053304167,2.40312300302416,0.32775989769374325,0.32775989769374325,-0.9764684329104936,0.3906196972114185,0.9136086333928182,2.220446049250313e-16,1.3266183166933283,3.7682786915075517,3.7682786915075517,3.7682786915075517,3.7682786915075517,2,2,2,,2,2,2,26,29,21,0.2720340666631345,1.8759873046530707e-09,0.2720340666631345,1.8759873046530707e-09,0.7279659333368654,0.9999999981240127,,5,2138,2,1,1.6,59,6.570164388998819,b5a4,True,0.9909174121588703,0.9909174121588703,,6.36,5.36908258784113,1,False,False,False,False,False,False
59,30,white,White material conservative,Rxb8+,b1b8,1r2k3/p2b2p1/3b4/4P2p/p2P4/7P/2P2PP1/1R2K2R w K - 0 30,1R2k3/p2b2p1/3b4/4P2p/p2P4/7P/2P2PP1/4K2R b K - 0 30,0.9704166666666667,6.36,2,2,accurate,0.3,0.8763552012832674,0.9385285003127435,0.0621732990294761,0.0621732990294761,0.8763552012832674,1.943227451375854,0.8763552012832674,-1.0668722500925867,-1.0668722500925867,0.8605953825670333,0.015662898009472643,-1.9431305306690927,0.0,0.07570761331031772,1.0786471459776827,1.0786471459776827,1.0786471459776827,1.0786471459776827,2,2,2,,1,1,1,26,28,23,0.00011270970273287864,0.9999999990786531,0.00011270970273287864,0.9999999990786531,0.9998872902972672,9.213470442367752e-10,,3,1602,1,1,1.0,40,1.9953139690042008,b1b8,True,0.9385285003127435,0.9385285003127435,,0.9954166666666666,0.05688816635392313,1,False,False,False,False,False,False
60,31,black,Black positional controller,Bxb8,d6b8,1R2k3/p2b2p1/3b4/4P2p/p2P4/7P/2P2PP1/4K2R b K - 0 30,1b2k3/p2b2p1/8/4P2p/p2P4/7P/2P2PP1/4K2R w K - 0 31,6.36,0.9954166666666666,2,2,accurate,0.3,0.9906322337086507,0.9906322337086507,0.0,0.0,0.9906322337086507,2.40312300302416,0.9906322337086507,-1.412490769315509,-1.412490769315509,-4.78831713000519e-09,2.3402462556890634e-09,-1.4124907668674385,2.220446049250313e-16,2.8910376627860308e-24,1.0,1.0,1.0,1.0,2,2,2,,1,2,1,29,4,3,1.16171575300689e-09,4.9618174279549075e-26,1.16171575300689e-09,4.9618174279549075e-26,0.9999999988382843,1.0,,2,358,1,1,1.0,30,1.0582497979994514,d6b8,True,0.9906322337086507,0.9906322337086507,,1.025,0.03436776629134919,1,False,False,False,False,False,False
61,31,white,White material conservative,c4,c2c4,1b2k3/p2b2p1/8/4P2p/p2P4/7P/2P2PP1/4K2R w K - 0 31,1b2k3/p2b2p1/8/4P2p/p1PP4/7P/5PP1/4K2R b K - 0 31,0.9954166666666666,1.025,2,2,accurate,0.3,0.9385285003127435,1.0190342975211975,0.08050579720845397,0.08050579720845397,0.9385285003127435,0.8763552012832674,0.9385285003127435,0.0621732990294761,0.0621732990294761,-0.005217930347881171,0.07250194761777554,-0.005110718240418329,7.632783294297951e-17,0.04171167073453656,1.0425938250974556,1.0425938250974556,1.0425938250974556,1.0425938250974556,2,2,2,,1,1,1,28,17,17,0.9926423828978845,1.0,0.9926423828978845,1.0,0.00735761710211563,0,,8,3011,1,1,1.0,374,8.668570412999543,c2c4,False,1.0190342975211975,1.0190342975211975,,0.9325,-0.08653429752119746,1,False,False,False,False,False,False
62,32,black,Black positional controller,Bc6,d7c6,1b2k3/p2b2p1/8/4P2p/p1PP4/7P/5PP1/4K2R b K - 0 31,1b2k3/p5p1/2b5/4P2p/p1PP4/7P/5PP1/4K2R w K - 1 32,1.025,0.9325,2,2,accurate,0.3,2.0336133884106564,0.9004386112741899,-1.1331747771364666,-1.1331747771364666,2.0336133884106564,0.9906322337086507,2.0336133884106564,1.0429811547020056,1.0429811547020056,0.10840416296475151,-0.08327700631753791,1.0178539980547918,2.220446049250313e-16,1.8219462532997857,6.183882146541715,6.183882146541715,6.183882146541715,6.183882146541715,2,2,2,,2,1,2,4,20,3,4.9618174279549075e-26,0.02281338289680017,4.9618174279549075e-26,0.02281338289680017,1.0,0.9771866171031999,,6,1858,2,1,1.5,92,3.509121735005465,d7c6,False,0.9004386112741899,0.9004386112741899,,1.0066666666666666,0.1062280553924767,1,False,False,False,False,False,False
63,32,white,White material conservative,d5,d4d5,1b2k3/p5p1/2b5/4P2p/p1PP4/7P/5PP1/4K2R w K - 1 32,1b2k3/p5p1/2b5/3PP2p/p1P5/7P/5PP1/4K2R b K - 0 32,0.9325,1.0066666666666666,2,2,accurate,0.3,0.9212196691508178,1.019978011856068,0.09875834270525019,0.09875834270525019,0.9212196691508178,0.9385285003127435,0.9212196691508178,-0.01730883116192572,-0.01730883116192572,0.003974054991326373,-0.019787229759633887,-0.0014956563936181758,-3.122502256758253e-17,0.010481746516836017,1.010536872458887,1.010536872458887,1.010536872458887,1.010536872458887,2,2,2,,1,1,1,17,16,15,0.9984902491185884,0.999999999632671,0.9984902491185884,0.999999999632671,0.0015097508814116217,3.6732888447928806e-10,,3,1229,1,1,1.0,38,2.057467575999908,d4d5,True,1.019978011856068,1.019978011856068,,0.9870833333333333,-0.032894678522734644,1,False,False,False,False,False,False
64,33,black,Black positional controller,Bd7,c6d7,1b2k3/p5p1/2b5/3PP2p/p1P5/7P/5PP1/4K2R b K - 0 32,1b2k3/p2b2p1/8/3PP2p/p1P5/7P/5PP1/4K2R w K - 1 33,1.0066666666666666,0.9870833333333333,2,2,accurate,0.3,1.0121514653071784,1.0101864930360056,-0.00196497227117276,-0.00196497227117276,1.0121514653071784,2.0336133884106564,1.0121514653071784,-1.021461923103478,-1.021461923103478,-0.3294958149380875,0.14648960286995283,-0.8384557110353432,-2.220446049250313e-16,0.9719546609116134,2.6431057889571488,2.6431057889571488,2.6431057889571488,2.6431057889571488,2,2,2,,1,2,1,20,19,13,0.17731891541349448,8.310724102646439e-10,0.17731891541349448,8.310724102646439e-10,0.8226810845865056,0.9999999991689276,,4,1244,1,1,1.25,68,2.4741898469947046,c6d7,False,1.0101864930360056,1.0101864930360056,,1.0004166666666667,-0.009769826369338874,1,False,False,False,False,False,False
65,33,white,White material conservative,e6,e5e6,1b2k3/p2b2p1/8/3PP2p/p1P5/7P/5PP1/4K2R w K - 1 33,1b2k3/p2b2p1/4P3/3P3p/p1P5/7P/5PP1/4K2R b K - 0 33,0.9870833333333333,1.0004166666666667,2,2,accurate,0.3,1.0831696378561508,1.0874999999630024,0.00433036210685156,0.00433036210685156,1.0831696378561508,0.9212196691508178,1.0831696378561508,0.16194996870533307,0.16194996870533307,0.0819342055323805,-0.007828210599829093,0.08784397377278168,0.0,0.29602856198953786,1.344508558123012,1.344508558123012,1.344508558123012,1.344508558123012,2,2,2,,1,1,1,16,16,15,0.9999999994358852,0.9152728301126822,0.9999999994358852,0.9152728301126822,5.641146944365578e-10,0.0847271698873179,,10,3365,4,1,1.0,331,9.083558032994915,e5e6,False,1.0874999999630024,1.0874999999630024,,0.9383333333333334,-0.14916666662966904,1,False,False,False,False,False,False
66,34,black,Black positional controller,Be5,b8e5,1b2k3/p2b2p1/4P3/3P3p/p1P5/7P/5PP1/4K2R b K - 0 33,4k3/p2b2p1/4P3/3Pb2p/p1P5/7P/5PP1/4K2R w K - 1 34,1.0004166666666667,0.9383333333333334,2,2,accurate,0.3,1.0517432784659575,0.9069227078285428,-0.14482057063741471,-0.14482057063741471,1.0517432784659575,1.0121514653071784,1.0517432784659575,0.03959181315877913,0.03959181315877913,2.9334442769714144e-07,-1.4837043150051846e-07,0.03959166818478277,1.6653345369377348e-16,0.028726194070182797,1.0291427705011622,1.0291427705011622,1.0291427705011622,1.0291427705011622,2,2,2,,1,1,1,19,19,12,8.310629190742772e-10,1.3965220970670161e-07,8.310629190742772e-10,1.3965220970670161e-07,0.9999999991689371,0.9999998603477903,,4,887,1,1,1.0,41,1.7068012529998668,b8e5,False,0.9069227078285428,0.9069227078285428,,4.3375,3.4305772921714577,1,False,False,False,False,False,False
67,34,white,White material conservative,exd7+,e6d7,4k3/p2b2p1/4P3/3Pb2p/p1P5/7P/5PP1/4K2R w K - 1 34,4k3/p2P2p1/8/3Pb2p/p1P5/7P/5PP1/4K2R b K - 0 34,0.9383333333333334,4.3375,2,2,accurate,0.3,1.9436637060149524,2.8921674319535504,0.948503725938598,0.948503725938598,1.9436637060149524,1.0831696378561508,1.9436637060149524,0.8604940681588016,0.8604940681588016,0.1266497036405896,0.27533044838346704,0.4585139161347447,2.220446049250313e-16,0.7678687299052029,2.1551681102399027,2.1551681102399027,2.1551681102399027,2.1551681102399027,2,2,2,,1,1,1,16,17,15,0.08544617069041847,0.4975770726071749,0.08544617069041847,0.4975770726071749,0.9145538293095816,0.5024229273928251,,3,1110,1,1,1.0,34,1.7817373359939666,e6d7,True,2.8921674319535504,2.8921674319535504,,3.005,0.11283256804644948,1,False,False,False,False,False,False
68,35,black,Black positional controller,Kxd7,e8d7,4k3/p2P2p1/8/3Pb2p/p1P5/7P/5PP1/4K2R b K - 0 34,8/p2k2p1/8/3Pb2p/p1P5/7P/5PP1/4K2R w K - 0 35,4.3375,3.005,2,2,accurate,0.3,2.998881449517101,2.9941146909072693,-0.004766758609831445,-0.004766758609831445,2.998881449517101,1.0517432784659575,2.998881449517101,1.9471381710511433,1.9471381710511433,0.002616235091297458,0.001660393063454226,1.9428615428963916,0.0,0.005751939911758963,1.0057685140807702,1.0057685140807702,1.0057685140807702,1.0057685140807702,2,2,2,,1,1,1,19,5,3,9.927290282226668e-09,0.00040826663472727574,9.927290282226668e-09,0.00040826663472727574,0.9999999900727097,0.9995917333652726,,2,331,1,1,1.0,32,0.8432603209948866,e8d7,True,2.9941146909072693,2.9941146909072693,,3.013333333333333,0.01921864242606386,1,False,False,False,False,False,False
69,35,white,White material conservative,Kd1,e1d1,8/p2k2p1/8/3Pb2p/p1P5/7P/5PP1/4K2R w K - 0 35,8/p2k2p1/8/3Pb2p/p1P5/7P/5PP1/3K3R b - - 1 35,3.005,3.013333333333333,2,2,accurate,0.3,2.891774366822039,2.9652228546415076,0.07344848781946878,0.07344848781946878,2.891774366822039,1.9436637060149524,2.891774366822039,0.9481106608070864,0.9481106608070864,0.9272584012737771,1.473943465008374,-1.4530912054750644,-4.440892098500626e-16,0.7144352126160514,2.0430324773808395,2.0430324773808395,2.0430324773808395,2.0430324773808395,2,2,2,,1,1,1,17,15,15,0.4975770726071749,1.0,0.4975770726071749,1.0,0.5024229273928251,0,,4,1224,1,1,1.25,49,2.3698725329959416,e1d1,False,2.9652228546415076,2.9652228546415076,,2.9483333333333333,-0.016889521308174338,1,False,False,False,False,False,False
70,36,black,Black positional controller,Kc7,d7c7,8/p2k2p1/8/3Pb2p/p1P5/7P/5PP1/3K3R b - - 1 35,8/p1k3p1/8/3Pb2p/p1P5/7P/5PP1/3K3R w - - 2 36,3.013333333333333,2.9483333333333333,2,2,accurate,0.3,3.0568376056882127,2.964583333746746,-0.09225427194146674,-0.09225427194146674,3.0568376056882127,2.998881449517101,3.0568376056882127,0.05795615617111194,0.05795615617111194,0,0,0.05795615617111194,0.0,0.6591964469388495,1.933238250577062,1.933238250577062,1.933238250577062,1.933238250577062,2,2,2,,1,1,1,5,23,0,0,0,0,0,0.9999999999999999,1.0,,4,696,1,1,1.0,27,0.7798332979946281,d7c7,False,2.964583333746746,2.964583333746746,,3.0816666666666666,0.11708333291992057,1,False,False,False,False,False,False
71,36,white,White material conservative,Re1,h1e1,8/p1k3p1/8/3Pb2p/p1P5/7P/5PP1/3K3R w - - 2 36,8/p1k3p1/8/3Pb2p/p1P5/7P/5PP1/3KR3 b - - 3 36,2.9483333333333333,3.0816666666666666,2,2,accurate,0.3,2.939043827587143,3.066206074350332,0.12716224676318877,0.12716224676318877,2.939043827587143,2.891774366822039,2.939043827587143,0.0472694607651043,0.0472694607651043,1.9334306527399545,0.11632626798199101,-2.002487459956841,-4.440892098500626e-16,0.0034454962957759776,1.0034514388411842,1.0034514388411842,1.0034514388411842,1.0034514388411842,2,2,2,,1,1,1,15,16,10,0.32163585544300155,0.9998480356888826,0.32163585544300155,0.9998480356888826,0.6783641445569984,0.000151964311117262,,4,1247,1,1,2.25,53,3.080359277999378,h1e1,False,3.066206074350332,3.066206074350332,,3.0054166666666666,-0.06078940768366525,1,False,False,False,False,False,False
72,37,black,Black positional controller,Kd6,c7d6,8/p1k3p1/8/3Pb2p/p1P5/7P/5PP1/3KR3 b - - 3 36,8/p5p1/3k4/3Pb2p/p1P5/7P/5PP1/3KR3 w - - 4 37,3.0816666666666666,3.0054166666666666,2,2,accurate,0.3,3.1125249177597265,2.992194849808618,-0.12033006795110834,-0.12033006795110834,3.1125249177597265,3.0568376056882127,3.1125249177597265,0.055687312071513784,0.055687312071513784,0.04911923693199287,0.006568073813264214,1.3262567886559768e-09,-9.020562075079397e-17,0.004405502746438045,1.0044152212400381,1.0044152212400381,1.0044152212400381,1.0044152212400381,2,2,2,,1,1,1,23,22,15,0.9999999994679699,0.9999999990217542,0.9999999994679699,0.9999999990217542,5.320300386983985e-10,9.782458283066246e-10,,7,1636,3,1,1.0,80,4.607460070998059,c7d6,True,2.992194849808618,2.992194849808618,,3.004583333333333,0.012388483524715,1,False,False,False,False,False,False
73,37,white,White material conservative,Re3,e1e3,8/p5p1/3k4/3Pb2p/p1P5/7P/5PP1/3KR3 w - - 4 37,8/p5p1/3k4/3Pb2p/p1P5/4R2P/5PP1/3K4 b - - 5 37,3.0054166666666666,3.004583333333333,2,2,accurate,0.3,3.055627265302122,3.1457796845908232,0.09015241928870132,0.09015241928870132,3.055627265302122,2.939043827587143,3.055627265302122,0.11658343771497881,0.11658343771497881,-0.2856785804281485,-0.4512639691943742,0.8535259873375014,1.1102230246251565e-16,2.3832499606917357,10.84007549739666,10.84007549739666,10.84007549739666,10.84007549739666,2,2,2,,4,1,4,16,17,10,0.9998875174500493,0.7237546202350924,0.9998875174500493,0.7237546202350924,0.0001124825499505164,0.2762453797649076,,10,2796,4,1,2.4,183,6.766679871994711,e1e3,False,3.1457796845908232,3.1457796845908232,,2.99625,-0.1495296845908234,1,False,False,False,False,False,False
74,38,black,Black positional controller,g5,g7g5,8/p5p1/3k4/3Pb2p/p1P5/4R2P/5PP1/3K4 b - - 5 37,8/p7/3k4/3Pb1pp/p1P5/4R2P/5PP1/3K4 w - - 0 38,3.004583333333333,2.99625,2,2,accurate,0.3,3.3494096118251973,3.0061276472813834,-0.3432819645438139,-0.3432819645438139,3.3494096118251973,3.1125249177597265,3.3494096118251973,0.23688469406547075,0.23688469406547075,0.06688690184164216,0.16999779521612354,-2.9922961244864897e-09,1.1657341758564144e-15,0.005631652502565641,1.0056475400679343,1.0056475400679343,1.0056475400679343,1.0056475400679343,2,2,2,,1,1,1,22,18,14,0.9999999990010877,1.0,0.9999999990010877,1.0,9.98912265579925e-10,9.34551469440531e-19,,10,2583,3,1,1.2,124,5.671106654997857,g7g5,False,3.0061276472813834,3.0061276472813834,,3.0545833333333334,0.04845568605195005,1,False,False,False,False,False,False
75,38,white,White material conservative,Ke1,d1e1,8/p7/3k4/3Pb1pp/p1P5/4R2P/5PP1/3K4 w - - 0 38,8/p7/3k4/3Pb1pp/p1P5/4R2P/5PP1/4K3 b - - 1 38,2.99625,3.0545833333333334,2,2,accurate,0.3,3.0755297979749256,3.1249395734359795,0.04940977546105385,0.04940977546105385,3.0755297979749256,3.055627265302122,3.0755297979749256,0.01990253267280373,0.01990253267280373,-0.3024951897131811,-0.031325579542125205,0.3537233019281101,0.0,2.423643255183942,11.28690557572835,11.28690557572835,11.28690557572835,11.28690557572835,2,2,2,,4,4,4,17,21,10,0.7237546202350924,0.6085736754166926,0.7237546202350924,0.6085736754166926,0.2762453797649076,0.39142632458330734,,13,3730,6,1,2.4615384615384617,300,6.482788925997738,d1e1,True,3.1249395734359795,3.1249395734359795,,3.0258333333333334,-0.09910624010264613,1,False,False,False,False,False,False
76,39,black,Black positional controller,g4,g5g4,8/p7/3k4/3Pb1pp/p1P5/4R2P/5PP1/4K3 b - - 1 38,8/p7/3k4/3Pb2p/p1P3p1/4R2P/5PP1/4K3 w - - 0 39,3.0545833333333334,3.0258333333333334,2,2,accurate,0.3,3.0431862233167517,2.9902057154004664,-0.05298050791628528,-0.05298050791628528,3.0431862233167517,3.3494096118251973,3.0431862233167517,-0.30622338850844555,-0.30622338850844555,-1.875845426835385,0.03929756678071944,1.53032447154622,0.0,1.5036440384680982,4.498050310100879,4.498050310100879,4.498050310100879,4.498050310100879,2,2,2,,2,1,2,18,19,16,0.9996606059251892,0.49140700238199503,0.9996606059251892,0.49140700238199503,0.0003393940748107855,0.508592997618005,,9,2153,4,1,1.1111111111111112,151,4.05149810599687,g5g4,True,2.9902057154004664,2.9902057154004664,,3.0070833333333336,0.01687761793286713,1,False,False,False,False,False,False
77,39,white,White material conservative,Ke2,e1e2,8/p7/3k4/3Pb2p/p1P3p1/4R2P/5PP1/4K3 w - - 0 39,8/p7/3k4/3Pb2p/p1P3p1/4R2P/4KPP1/8 b - - 1 39,3.0258333333333334,3.0070833333333336,2,2,accurate,0.3,3.046500978965216,3.153551212191385,0.10705023322616913,0.10705023322616913,3.046500978965216,3.0755297979749256,3.046500978965216,-0.02902881900970966,-0.02902881900970966,0.699004678821039,-0.011636333933404146,-0.7163971638973448,2.220446049250313e-16,2.1176851651193354,8.31187458385805,8.31187458385805,8.31187458385805,8.31187458385805,2,2,2,,3,4,3,21,19,14,0.3047771485251977,0.544903823381935,0.3047771485251977,0.544903823381935,0.6952228514748022,0.45509617661806506,,9,2815,3,1,2.111111111111111,211,7.777989606998744,e1e2,False,3.153551212191385,3.153551212191385,,3.015416666666667,-0.13813454552471827,1,False,False,False,False,False,False
78,40,black,Black positional controller,a6,a7a6,8/p7/3k4/3Pb2p/p1P3p1/4R2P/4KPP1/8 b - - 1 39,8/8/p2k4/3Pb2p/p1P3p1/4R2P/4KPP1/8 w - - 0 40,3.0070833333333336,3.015416666666667,2,2,accurate,0.3,3.2865322637462353,3.021279154719098,-0.2652531090271375,-0.2652531090271375,3.2865322637462353,3.0431862233167517,3.2865322637462353,0.2433460404294836,0.2433460404294836,1.6036423549867242,0.08654661516633015,-1.446842929723571,2.220446049250313e-16,1.480062131944236,4.393218631654228,4.393218631654228,4.393218631654228,4.393218631654228,2,2,2,,2,2,2,19,20,18,0.5161393110539906,0.9999999781195575,0.5161393110539906,0.9999999781195575,0.4838606889460095,2.1880442356452633e-08,,7,1736,2,1,1.1428571428571428,92,3.0772818609984824,a7a6,False,3.021279154719098,3.021279154719098,,3.02375,0.0024708452809023562,1,False,False,False,False,False,False
79,40,white,White material conservative,h4,h3h4,8/8/p2k4/3Pb2p/p1P3p1/4R2P/4KPP1/8 w - - 0 40,8/8/p2k4/3Pb2p/p1P3pP/4R3/4KPP1/8 b - - 0 40,3.015416666666667,3.02375,2,2,accurate,0.3,3.120400234712702,3.192490395565836,0.07209016085313413,0.07209016085313413,3.120400234712702,3.046500978965216,3.120400234712702,0.07389925574748579,0.07389925574748579,-0.10166717299636008,0.04114795693934699,0.13441847180449873,1.5265566588595902e-16,2.1207434411108825,8.33733350069647,8.33733350069647,8.33733350069647,8.33733350069647,2,2,2,,3,3,3,19,19,14,0.43821010116092546,0.40552622260695287,0.43821010116092546,0.40552622260695287,0.5617898988390746,0.5944737773930472,,9,2602,3,1,1.8888888888888888,212,4.941143568998086,h3h4,False,3.192490395565836,3.192490395565836,,3.0320833333333335,-0.16040706223250245,1,False,False,False,False,False,False
80,41,black,Black positional controller,a5,a6a5,8/8/p2k4/3Pb2p/p1P3pP/4R3/4KPP1/8 b - - 0 40,8/8/3k4/p2Pb2p/p1P3pP/4R3/4KPP1/8 w - - 0 41,3.02375,3.0320833333333335,2,2,accurate,0.3,3.3233736363057997,3.037481787968261,-0.2858918483375388,-0.2858918483375388,3.3233736363057997,3.2865322637462353,3.3233736363057997,0.036841372559564434,0.036841372559564434,0.47344592368678007,-0.012522915847308774,-0.4240816352799067,-1.1102230246251565e-16,1.172282155307614,3.2293541229599674,3.2293541229599674,3.2293541229599674,3.2293541229599674,2,2,2,,1,2,1,20,17,16,0.674184656908663,0.8128550263839314,0.674184656908663,0.8128550263839314,0.32581534309133686,0.18714497361606863,,9,1697,3,1,1.0,107,3.1861977460066555,a6a5,False,3.037481787968261,3.037481787968261,,3.0508333333333333,0.013351545365072326,1,False,False,False,False,False,False
81,41,white,White material conservative,Ke1,e2e1,8/8/3k4/p2Pb2p/p1P3pP/4R3/4KPP1/8 w - - 0 41,8/8/3k4/p2Pb2p/p1P3pP/4R3/5PP1/4K3 b - - 1 41,3.0320833333333335,3.0508333333333333,2,2,accurate,0.3,3.1685369932511156,3.2368100933932578,0.06827310014214216,0.06827310014214216,3.1685369932511156,3.120400234712702,3.1685369932511156,0.048136758538413815,0.048136758538413815,0.3996129052854373,0.10675062450095922,-0.4582267712479826,-1.1102230246251565e-16,2.117217714943785,8.307990104595662,8.307990104595662,8.307990104595662,8.307990104595662,2,2,2,,3,3,3,19,18,17,0.8558692666444638,1.0,0.8558692666444638,1.0,0.1441307333555363,5.059250237030662e-28,,12,2486,4,1,1.5,283,4.399500979998265,e2e1,False,3.2368100933932578,3.2368100933932578,,3.0425,-0.19431009339325778,1,False,False,False,False,False,False
82,42,black,Black positional controller,a3,a4a3,8/8/3k4/p2Pb2p/p1P3pP/4R3/5PP1/4K3 b - - 1 41,8/8/3k4/p2Pb2p/2P3pP/p3R3/5PP1/4K3 w - - 0 42,3.0508333333333333,3.0425,2,2,accurate,0.3,3.4056402938051518,3.0936722490032382,-0.31196804480191354,-0.31196804480191354,3.4056402938051518,3.3233736363057997,3.4056402938051518,0.08226665749935202,0.08226665749935202,0.6480369374437537,0.002679169124233362,-0.5684494490686351,1.1102230246251565e-16,1.9508418472670221,7.03460715335824,7.03460715335824,7.03460715335824,7.03460715335824,2,2,2,,3,1,3,17,16,16,0.8128550263839314,1.0,0.8128550263839314,1.0,0.18714497361606863,0,,11,1763,5,1,1.1818181818181819,120,3.047368767001899,a4a3,True,3.0936722490032382,3.0936722490032382,,3.8487500000000003,0.7550777509967621,1,False,False,False,False,False,False
83,42,white,White material conservative,Rxa3,e3a3,8/8/3k4/p2Pb2p/2P3pP/p3R3/5PP1/4K3 w - - 0 42,8/8/3k4/p2Pb2p/2P3pP/R7/5PP1/4K3 b - - 0 42,3.0425,3.8487500000000003,2,2,accurate,0.3,3.9075228527253194,3.92353688394776,0.016014031222440384,0.016014031222440384,3.9075228527253194,3.1685369932511156,3.9075228527253194,0.7389858594742038,0.7389858594742038,2.2010099411729445,0.47467599542078054,-1.936700077119521,0.0,0.12658786987656181,1.1349491746385425,1.1349491746385425,1.1349491746385425,1.1349491746385425,2,2,2,,1,3,1,18,18,13,0.3793623989243429,0.989682092591787,0.3793623989243429,0.989682092591787,0.6206376010756571,0.010317907408213024,,4,513,1,1,1.0,34,0.48820954500115477,e3a3,False,3.92353688394776,3.92353688394776,,3.9691666666666667,0.04562978271890694,1,False,False,False,False,False,False
84,43,black,Black positional controller,Kc5,d6c5,8/8/3k4/p2Pb2p/2P3pP/R7/5PP1/4K3 b - - 0 42,8/8/8/p1kPb2p/2P3pP/R7/5PP1/4K3 w - - 1 43,3.8487500000000003,3.9691666666666667,2,2,accurate,0.3,4.918935991439293,3.9613035176231004,-0.9576324738161923,-0.9576324738161923,4.918935991439293,3.4056402938051518,4.918935991439293,1.513295697634141,1.513295697634141,0.26355610197943363,1.250138502588171,-0.00039890693346304973,-6.661338147750939e-16,0.008227353240067075,1.008261290919314,1.008261290919314,1.008261290919314,1.008261290919314,2,2,2,,1,3,1,16,16,15,0.9997648268949992,0.99991963712926,0.9997648268949992,0.99991963712926,0.00023517310500088023,8.036287073994095e-05,,4,636,1,1,1.0,27,0.7625064829990151,d6c5,False,3.9613035176231004,3.9613035176231004,,4.1525,0.19119648237689946,1,False,False,False,False,False,False
85,43,white,White material conservative,Re3,a3e3,8/8/8/p1kPb2p/2P3pP/R7/5PP1/4K3 w - - 1 43,8/8/8/p1kPb2p/2P3pP/4R3/5PP1/4K3 b - - 2 43,3.9691666666666667,4.1525,2,2,accurate,0.3,3.754286245091336,4.143756189066795,0.38946994397545875,0.38946994397545875,3.754286245091336,3.9075228527253194,3.754286245091336,-0.15323660763398328,-0.15323660763398328,-0.046708638965498935,0.005555171924687444,-0.11208314059317193,1.3877787807814457e-16,6.293194906718073e-05,1.0000629339293239,1.0000629339293239,1.0000629339293239,1.0000629339293239,2,2,2,,1,1,1,18,19,7,0.013511549703426627,1.1575524257862727e-10,0.013511549703426627,1.1575524257862727e-10,0.9864884502965734,0.9999999998842447,,7,1909,1,1,1.4285714285714286,164,2.7036511940023047,a3e3,False,4.143756189066795,4.143756189066795,,4.042916666666667,-0.10083952240012817,1,False,False,False,False,False,False
86,44,black,Black positional controller,Kd4,c5d4,8/8/8/p1kPb2p/2P3pP/4R3/5PP1/4K3 b - - 2 43,8/8/8/p2Pb2p/2Pk2pP/4R3/5PP1/4K3 w - - 3 44,4.1525,4.042916666666667,2,2,accurate,0.3,4.0382918711254785,3.999772675777297,-0.0385191953481816,-0.0385191953481816,4.0382918711254785,4.918935991439293,4.0382918711254785,-0.8806441203138142,-0.8806441203138142,-3.694012234413024,-0.4286249339858062,3.2419930480850163,-4.440892098500626e-16,1.4428934736718886,4.2329259745066965,4.2329259745066965,4.2329259745066965,4.2329259745066965,2,2,2,,2,1,2,16,20,12,0.9999833876919618,0.1919586248028509,0.9999833876919618,0.1919586248028509,1.6612308038181242e-05,0.8080413751971491,,7,1110,2,1,1.1428571428571428,51,1.1244681600001059,c5d4,False,3.999772675777297,3.999772675777297,,4.055,0.05522732422270282,1,False,False,False,False,False,False
87,44,white,White material conservative,g3,g2g3,8/8/8/p2Pb2p/2Pk2pP/4R3/5PP1/4K3 w - - 3 44,8/8/8/p2Pb2p/2Pk2pP/4R1P1/5P2/4K3 b - - 0 44,4.042916666666667,4.055,2,2,accurate,0.3,4.108445955733712,4.1505330474192075,0.04208709168549518,0.04208709168549518,4.108445955733712,3.754286245091336,4.108445955733712,0.35415971064237617,0.35415971064237617,4.010969023100326,0.09705432674299651,-3.7538636392009463,0.0,1.5819193557797209,4.864283147108593,4.864283147108593,4.864283147108593,4.864283147108593,2,2,2,,2,1,2,19,19,8,1.1575524262263135e-10,0.9998764914985668,1.1575524262263135e-10,0.9998764914985668,0.9999999998842447,0.00012350850143311802,,7,1167,2,1,1.1428571428571428,116,1.3013474359977408,g2g3,False,4.1505330474192075,4.1505330474192075,,4.055,-0.09553304741920776,1,False,False,False,False,False,False
88,45,black,Black positional controller,a4,a5a4,8/8/8/p2Pb2p/2Pk2pP/4R1P1/5P2/4K3 b - - 0 44,8/8/8/3Pb2p/p1Pk2pP/4R1P1/5P2/4K3 w - - 0 45,4.055,4.055,2,2,accurate,0.3,4.010145663629309,3.9826840968632635,-0.02746156676604583,-0.02746156676604583,4.010145663629309,4.0382918711254785,4.010145663629309,-0.02814620749616914,-0.02814620749616914,3.639451019141887,-0.06792026833906113,-3.599676958298995,0.0,0.8857640500915003,2.424836380347603,2.424836380347603,2.424836380347603,2.424836380347603,2,2,2,,1,2,1,20,11,9,0.1050104760147733,0.9999999999976968,0.1050104760147733,0.9999999999976968,0.8949895239852267,2.3030965767371445e-12,,5,601,1,1,1.0,36,0.6032853590004379,a5a4,False,3.9826840968632635,3.9826840968632635,,3.9966666666666666,0.013982569803403067,1,False,False,False,False,False,False
89,45,white,White material conservative,Kd1,e1d1,8/8/8/3Pb2p/p1Pk2pP/4R1P1/5P2/4K3 w - - 0 45,8/8/8/3Pb2p/p1Pk2pP/4R1P1/5P2/3K4 b - - 1 45,4.055,3.9966666666666666,2,2,accurate,0.3,4.112867349534659,4.127282178852271,0.014414829317612288,0.014414829317612288,4.112867349534659,4.108445955733712,4.112867349534659,0.004421393800946305,0.004421393800946305,1.1620962315780001,0.017242272816739485,-1.1749171105937937,4.440892098500626e-16,1.374224606432056,3.952011170527297,3.952011170527297,3.952011170527297,3.952011170527297,2,2,2,,2,2,2,19,16,16,0.7169238029981821,1.0,0.7169238029981821,1.0,0.2830761970018178,0,,7,1100,2,1,1.1428571428571428,126,1.2456195729973842,e1d1,False,4.127282178852271,4.127282178852271,,3.9966666666666666,-0.1306155121856043,1,False,False,False,False,False,False
90,46,black,Black positional controller,a3,a4a3,8/8/8/3Pb2p/p1Pk2pP/4R1P1/5P2/3K4 b - - 1 45,8/8/8/3Pb2p/2Pk2pP/p3R1P1/5P2/3K4 w - - 0 46,3.9966666666666666,3.9966666666666666,2,2,accurate,0.3,4.114705706564155,3.996270110961421,-0.11843559560273365,-0.11843559560273365,4.114705706564155,4.010145663629309,4.114705706564155,0.10456004293484522,0.10456004293484522,3.197493253285815,0.0043603255392484835,-3.097293535890218,-4.440892098500626e-16,1.6224867139278234,5.065671543104992,5.065671543104992,5.065671543104992,5.065671543104992,2,2,2,,2,1,2,11,11,10,0.22218211877366761,0.9998725386887094,0.22218211877366761,0.9998725386887094,0.7778178812263323,0.0001274613112905322,,7,974,2,1,1.1428571428571428,54,1.0362763699959032,a4a3,False,3.996270110961421,3.996270110961421,,4.055,0.058729889038578786,1,False,False,False,False,False,False
91,46,white,White material conservative,Ke1,d1e1,8/8/8/3Pb2p/2Pk2pP/p3R1P1/5P2/3K4 w - - 0 46,8/8/8/3Pb2p/2Pk2pP/p3R1P1/5P2/4K3 b - - 1 46,3.9966666666666666,4.055,2,2,accurate,0.3,3.9702706853323053,4.0765705411729485,0.10629985584064316,0.10629985584064316,3.9702706853323053,4.112867349534659,3.9702706853323053,-0.14259666420235328,-0.14259666420235328,1.3835871455954767,0.1987626982950768,-1.7249465080929065,-2.220446049250313e-16,1.598124770508717,4.943753055114306,4.943753055114306,4.943753055114306,4.943753055114306,2,2,2,,2,2,2,16,18,12,7.16761776654925e-05,0.405407385859472,7.16761776654925e-05,0.405407385859472,0.9999283238223344,0.594592614140528,,6,1282,2,1,1.1666666666666667,97,1.4309882490051677,d1e1,False,4.0765705411729485,4.0765705411729485,,4.03,-0.04657054117294823,1,False,False,False,False,False,False
92,47,black,Black positional controller,a2,a3a2,8/8/8/3Pb2p/2Pk2pP/p3R1P1/5P2/4K3 b - - 1 46,8/8/8/3Pb2p/2Pk2pP/4R1P1/p4P2/4K3 w - - 0 47,4.055,4.03,2,2,accurate,0.3,3.9596441477374618,3.9576840967656617,-0.001960050971800076,-0.001960050971800076,3.9596441477374618,4.114705706564155,3.9596441477374618,-0.1550615588266928,-0.1550615588266928,-4.071232991844461,-0.003613367896033529,3.9197848009138005,8.881784197001252e-16,0.05349236626312947,1.0549489385342445,1.0549489385342445,1.0549489385342445,1.0549489385342445,2,2,2,,1,2,1,11,11,10,0.9998725386887094,0.009447425568059631,0.9998725386887094,0.009447425568059631,0.0001274613112905322,0.9905525744319404,,5,625,1,1,1.0,37,0.6471233390038833,a3a2,False,3.9576840967656617,3.9576840967656617,,3.8175000000000003,-0.14018409676566135,1,False,False,False,False,False,False
93,47,white,White material conservative,Ra3,e3a3,8/8/8/3Pb2p/2Pk2pP/4R1P1/p4P2/4K3 w - - 0 47,8/8/8/3Pb2p/2Pk2pP/R5P1/p4P2/4K3 b - - 1 47,4.03,3.8175000000000003,2,2,accurate,0.3,-4.379830778401313,2.915408717254737,7.29523949565605,7.29523949565605,-4.379830778401313,3.9702706853323053,-4.379830778401313,-8.350101463733619,-8.350101463733619,-1.381807521692068,-0.20096664458563376,-6.7673272974559175,0.0,1.3752113966125719,3.95591290112177,3.95591290112177,3.95591290112177,3.95591290112177,2,2,2,,2,2,2,18,16,12,0.405407385859472,0.00018418057168279213,0.405407385859472,0.00018418057168279213,0.594592614140528,0.9998158194283172,,6,666,2,1,1.1666666666666667,35,0.628746627997316,e3a3,False,2.915408717254737,2.915408717254737,,1.7675000000000003,-1.1479087172547369,1,False,False,False,False,False,False
94,48,black,Black positional controller,a1=B,a2a1b,8/8/8/3Pb2p/2Pk2pP/R5P1/p4P2/4K3 b - - 1 47,8/8/8/3Pb2p/2Pk2pP/R5P1/5P2/b3K3 w - - 0 48,3.8175000000000003,1.7675000000000003,2,2,accurate,0.3,4.802144687405032,1.9716665410863163,-2.8304781463187156,-2.8304781463187156,4.802144687405032,3.9596441477374618,4.802144687405032,0.84250053966757,0.84250053966757,-0.03953024930737834,0.00018276947276080123,0.8818480195021876,-1.1102230246251565e-16,0.0024011135413885736,1.002403998523102,1.002403998523102,1.002403998523102,1.002403998523102,2,2,2,,1,1,1,11,15,10,0.009447425568059631,8.51965078862116e-07,0.009447425568059631,8.51965078862116e-07,0.9905525744319404,0.9999991480349212,,3,744,1,1,1.0,32,0.8395522259961581,a2a1b,False,1.9716665410863163,1.9716665410863163,,4.802083333333334,2.830416792247018,1,False,False,False,False,False,False
95,48,white,White material conservative,Rxa1,a3a1,8/8/8/3Pb2p/2Pk2pP/R5P1/5P2/b3K3 w - - 0 48,8/8/8/3Pb2p/2Pk2pP/6P1/5P2/R3K3 b - - 0 48,1.7675000000000003,4.802083333333334,2,2,accurate,0.3,4.643736304529902,4.6458969772948375,0.0021606727649352564,0.0021606727649352564,4.643736304529902,-4.379830778401313,4.643736304529902,9.023567082931216,9.023567082931216,1.4750309184328982,2.9045940921904805,4.643942072307838,0.0,0.006276232894035116,1.0062959697130578,1.0062959697130578,1.0062959697130578,1.0062959697130578,2,2,2,,1,2,1,16,20,8,0.999816055065223,1.3954353751363002e-06,0.999816055065223,1.3954353751363002e-06,0.0001839449347770257,0.999998604564625,,3,905,1,1,1.0,45,0.9715261230012402,a3a1,True,4.6458969772948375,4.6458969772948375,,3.9000000000000004,-0.7458969772948372,1,False,False,False,False,False,False
96,49,black,Black positional controller,Bxg3,e5g3,8/8/8/3Pb2p/2Pk2pP/6P1/5P2/R3K3 b - - 0 48,8/8/8/3P3p/2Pk2pP/6b1/5P2/R3K3 w - - 0 49,4.802083333333334,3.9000000000000004,2,2,accurate,0.3,5.046249860954028,3.9538804421452007,-1.0923694188088269,-1.0923694188088269,5.046249860954028,4.802144687405032,5.046249860954028,0.24410517354899586,0.24410517354899586,-2.5567844966235385e-06,5.459562045260499e-07,0.24410718437728907,-1.1102230246251565e-15,3.131285900068569e-05,1.0000313133492533,1.0000313133492533,1.0000313133492533,1.0000313133492533,2,2,2,,1,1,1,15,13,11,8.538801545235362e-07,1.2222512098082528e-07,8.538801545235362e-07,1.2222512098082528e-07,0.9999991461198455,0.9999998777748791,,4,564,1,1,1.0,29,0.4596463570051128,e5g3,False,3.9538804421452007,3.9538804421452007,,6.9991666666666665,3.045286224521466,1,False,False,False,False,False,False
97,49,white,White material conservative,fxg3,f2g3,8/8/8/3P3p/2Pk2pP/6b1/5P2/R3K3 w - - 0 49,8/8/8/3P3p/2Pk2pP/6P1/8/R3K3 b - - 0 49,3.9000000000000004,6.9991666666666665,2,2,accurate,0.3,7.115715854311005,7.115748702602713,3.284829170802084e-05,3.284829170802084e-05,7.115715854311005,4.643736304529902,7.115715854311005,2.4719795497811026,2.4719795497811026,-5.60901519146874e-07,1.896190136929891e-07,2.4719799210636078,4.440892098500626e-16,0.0001037067038220034,1.0001037120815481,1.0001037120815481,1.0001037120815481,1.0001037120815481,2,2,2,,1,1,1,20,17,6,2.6248972150011627e-07,1.8632765527276064e-14,2.6248972150011627e-07,1.8632765527276064e-14,0.9999997375102786,0.9999999999999813,,3,479,1,1,1.0,37,0.2747111120042973,f2g3,True,7.115748702602713,7.115748702602713,,6.004583333333334,-1.1111653692693793,1,False,False,False,False,False,False
98,50,black,Black positional controller,Kxc4,d4c4,8/8/8/3P3p/2Pk2pP/6P1/8/R3K3 b - - 0 49,8/8/8/3P3p/2k3pP/6P1/8/R3K3 w - - 0 50,6.9991666666666665,6.004583333333334,2,2,accurate,0.3,7.2332793954829855,6.226094667614048,-1.0071847278689372,-1.0071847278689372,7.2332793954829855,5.046249860954028,7.2332793954829855,2.187029534528958,2.187029534528958,-6.098829662535042,1.052730624669255,7.233128572394745,0.0,0.0002481409162827051,1.0002481717057865,1.0002481717057865,1.0002481717057865,1.0002481717057865,2,2,2,,1,1,1,13,7,5,0.999999998565503,2.1088232044179348e-05,0.999999998565503,2.1088232044179348e-05,1.434496971762953e-09,0.9999789117679558,,2,59,1,1,1.0,18,0.04106588199647376,d4c4,True,6.226094667614048,6.226094667614048,,6.18125,-0.04484466761404793,1,False,False,False,False,False,False
99,50,white,White material conservative,Rd1,a1d1,8/8/8/3P3p/2k3pP/6P1/8/R3K3 w - - 0 50,8/8/8/3P3p/2k3pP/6P1/8/3RK3 b - - 1 50,6.004583333333334,6.18125,2,2,accurate,0.3,6.141890958250282,6.232707926686491,0.09081696843620879,0.09081696843620879,6.141890958250282,7.115715854311005,6.141890958250282,-0.973824896060723,-0.973824896060723,4.554262267504895,1.5876050109910786,-7.115692174556697,0.0,0.6691235346632229,1.9525252497595544,1.9525252497595544,1.9525252497595544,1.9525252497595544,2,2,2,,1,1,1,17,16,15,7.944075627748598e-06,0.9999999999999691,7.944075627748598e-06,0.9999999999999691,0.9999920559243722,3.089343474566233e-14,,3,247,1,1,1.6666666666666667,28,0.13265898999816272,a1d1,True,6.232707926686491,6.232707926686491,,6.18125,-0.051457926686490296,1,False,False,False,False,False,False
100,51,black,Black positional controller,Kc5,c4c5,8/8/8/3P3p/2k3pP/6P1/8/3RK3 b - - 1 50,8/8/8/2kP3p/6pP/6P1/8/3RK3 w - - 2 51,6.18125,6.18125,2,2,accurate,0.3,6.253746523032059,6.174597075928908,-0.07914944710315108,-0.07914944710315108,6.253746523032059,7.2332793954829855,6.253746523032059,-0.9795328724509265,-0.9795328724509265,0,0,-0.9795328724509265,0.0,0.0007022819211875615,1.0007025285788738,1.0007025285788738,1.0007025285788738,1.0007025285788738,2,2,2,,1,1,1,7,5,0,0,0,0,0,1.0,1.0,,3,161,2,1,1.0,42,0.11631678300182102,c4c5,True,6.174597075928908,6.174597075928908,,6.197916666666667,0.02331959073775902,1,False,False,False,False,False,False
101,51,white,White material conservative,Kf1,e1f1,8/8/8/2kP3p/6pP/6P1/8/3RK3 w - - 2 51,8/8/8/2kP3p/6pP/6P1/8/3R1K2 b - - 3 51,6.18125,6.197916666666667,2,2,accurate,0.3,6.205342368494637,6.240041610093643,0.034699241599005504,0.034699241599005504,6.205342368494637,6.141890958250282,6.205342368494637,0.06345141024435552,0.06345141024435552,4.225009413546824,0.2430324609605361,-4.404590464263005,0.0,1.7811409240550737,5.936625795360334,5.936625795360334,5.936625795360334,5.936625795360334,2,2,2,,2,1,2,16,11,5,5.7679214412258094e-08,0.7197960336520632,5.7679214412258094e-08,0.7197960336520632,0.9999999423207856,0.28020396634793676,,7,530,3,1,2.857142857142857,154,0.30861054499837337,e1f1,True,6.240041610093643,6.240041610093643,,6.189583333333333,-0.05045827676030967,1,False,False,False,False,False,False
102,52,black,Black positional controller,Kd6,c5d6,8/8/8/2kP3p/6pP/6P1/8/3R1K2 b - - 3 51,8/8/3k4/3P3p/6pP/6P1/8/3R1K2 w - - 4 52,6.197916666666667,6.189583333333333,2,2,accurate,0.3,5.891928797755304,5.571014626864067,-0.3209141708912364,-0.3209141708912364,5.891928797755304,6.253746523032059,5.891928797755304,-0.3618177252767554,-0.3618177252767554,0,0,-0.3618177252767554,0.0,1.0335828649147505,2.811119675223338,2.811119675223338,2.811119675223338,2.811119675223338,2,2,2,,1,1,1,5,5,0,0,0,0,0,1.0,1.0,,3,136,2,1,1.0,36,0.10044642999855569,c5d6,True,5.571014626864067,5.571014626864067,,6.197916666666667,0.6269020398025997,1,False,False,False,False,False,False
103,52,white,White material conservative,Kg1,f1g1,8/8/3k4/3P3p/6pP/6P1/8/3R1K2 w - - 4 52,8/8/3k4/3P3p/6pP/6P1/8/3R2K1 b - - 5 52,6.189583333333333,6.197916666666667,2,2,accurate,0.3,6.205875104932527,6.246086838068901,0.04021173313637405,0.04021173313637405,6.205875104932527,6.205342368494637,6.205875104932527,0.0005327364378899802,0.0005327364378899802,0.06550109011757754,0.3068336407192563,-0.37180199439894324,-6.106226635438361e-16,2.0614908108141177,7.857675390193457,7.857675390193457,7.857675390193457,7.857675390193457,2,2,2,,3,2,3,11,12,6,0.28020396634793676,0.34072681734546695,0.28020396634793676,0.34072681734546695,0.7197960336520632,0.659273182654533,,9,717,4,1,3.0,238,0.3655103519995464,f1g1,True,6.246086838068901,6.246086838068901,,6.134166666666667,-0.1119201714022342,1,False,False,False,False,False,False
104,53,black,Black positional controller,Ke5,d6e5,8/8/3k4/3P3p/6pP/6P1/8/3R2K1 b - - 5 52,8/8/8/3Pk2p/6pP/6P1/8/3R2K1 w - - 6 53,6.197916666666667,6.134166666666667,2,2,accurate,0.3,6.111950054555595,6.1052492178815,-0.006700836674094823,-0.006700836674094823,6.111950054555595,5.891928797755304,6.111950054555595,0.22002125680029128,0.22002125680029128,0,0,0.22002125680029128,0.0,0.3206131291619655,1.3779723804309436,1.3779723804309436,1.3779723804309436,1.3779723804309436,2,2,2,,1,1,1,5,5,0,0,0,0,0,1.0,0.9999999999999999,,4,186,3,1,1.0,66,0.13435712300270097,d6e5,True,6.1052492178815,6.1052492178815,,6.1258333333333335,0.020584115451833362,1,False,False,False,False,False,False
105,53,white,White material conservative,Kh1,g1h1,8/8/8/3Pk2p/6pP/6P1/8/3R2K1 w - - 6 53,8/8/8/3Pk2p/6pP/6P1/8/3R3K b - - 7 53,6.134166666666667,6.1258333333333335,2,2,accurate,0.3,6.174014466354066,6.210686627914714,0.03667216156064779,0.03667216156064779,6.174014466354066,6.205875104932527,6.174014466354066,-0.03186063857846122,-0.03186063857846122,-0.4494758429679413,-0.3152061626155669,0.7328213670050463,6.661338147750939e-16,2.041990989225349,7.705936371985466,7.705936371985466,7.705936371985466,7.705936371985466,2,2,2,,3,3,3,12,14,7,0.34075328575692115,0.21824958278973142,0.34075328575692115,0.21824958278973142,0.6592467142430789,0.7817504172102686,,11,788,5,1,2.090909090909091,288,0.3843414959992515,g1h1,True,6.210686627914714,6.210686627914714,,6.14625,-0.06443662791471372,1,False,False,False,False,False,False
106,54,black,Black positional controller,Ke4,e5e4,8/8/8/3Pk2p/6pP/6P1/8/3R3K b - - 7 53,8/8/8/3P3p/4k1pP/6P1/8/3R3K w - - 8 54,6.1258333333333335,6.14625,2,2,accurate,0.3,6.140873591845719,6.10625019075205,-0.03462340109366924,-0.03462340109366924,6.140873591845719,6.111950054555595,6.140873591845719,0.0289235372901242,0.0289235372901242,0,0,0.0289235372901242,0.0,0.7319113604275019,2.079050627492257,2.079050627492257,2.079050627492257,2.079050627492257,2,2,2,,1,1,1,5,4,0,0,0,0,0,0.9999999999999999,1.0,,2,60,1,1,1.0,15,0.04415092300041579,e5e4,True,6.10625019075205,6.10625019075205,,6.10625,-1.9075204971130688e-07,1,False,False,False,False,False,False
107,54,white,White material conservative,Kg2,h1g2,8/8/8/3P3p/4k1pP/6P1/8/3R3K w - - 8 54,8/8/8/3P3p/4k1pP/6P1/6K1/3R4 b - - 9 54,6.14625,6.10625,2,2,accurate,0.3,6.201399169443579,6.204423062140176,0.003023892696597308,0.003023892696597308,6.201399169443579,6.174014466354066,6.201399169443579,0.027384703089512463,0.027384703089512463,-2.0880928677837503,-0.2871951895117062,2.402672760384969,0.0,0.1579696083030082,1.1711306015204244,1.1711306015204244,1.1711306015204244,1.1711306015204244,2,2,2,,1,3,1,14,13,9,0.397964463532514,0.013347486927639929,0.397964463532514,0.013347486927639929,0.602035536467486,0.9866525130723601,,4,228,1,1,1.5,32,0.1391646940028295,h1g2,False,6.204423062140176,6.204423062140176,,6.05875,-0.14567306214017606,1,False,False,False,False,False,False
108,55,black,Black positional controller,Ke5,e4e5,8/8/8/3P3p/4k1pP/6P1/6K1/3R4 b - - 9 54,8/8/8/3Pk2p/6pP/6P1/6K1/3R4 w - - 10 55,6.10625,6.05875,2,2,accurate,0.3,6.217060165833868,6.109919688172642,-0.10714047766122548,-0.10714047766122548,6.217060165833868,6.140873591845719,6.217060165833868,0.07618657398814843,0.07618657398814843,0,0,0.07618657398814843,0.0,0.004230897330968415,1.0042398602129676,1.0042398602129676,1.0042398602129676,1.0042398602129676,2,2,2,,1,1,1,4,3,0,0,0,0,0,1.0,1.0,,4,244,3,1,1.0,76,0.16393385200353805,e4e5,True,6.109919688172642,6.109919688172642,,6.1258333333333335,0.01591364516069138,1,False,False,False,False,False,False
109,55,white,White material conservative,Kh1,g2h1,8/8/8/3Pk2p/6pP/6P1/6K1/3R4 w - - 10 55,8/8/8/3Pk2p/6pP/6P1/8/3R3K b - - 11 55,6.05875,6.1258333333333335,2,2,accurate,0.3,6.177491541926884,6.210686627914714,0.033195085987830275,0.033195085987830275,6.177491541926884,6.201399169443579,6.177491541926884,-0.02390762751669495,-0.02390762751669495,1.588142470130002,0.20820997662683075,-1.820260074273528,2.220446049250313e-16,2.0351620564657944,7.653492322901754,7.653492322901754,7.653492322901754,7.653492322901754,2,2,2,,3,1,3,13,16,10,0.013347486927640153,0.3048840058346696,0.013347486927640153,0.3048840058346696,0.9866525130723599,0.6951159941653303,,11,862,5,1,2.090909090909091,304,0.3975631759967655,g2h1,True,6.210686627914714,6.210686627914714,,6.14625,-0.06443662791471372,2,True,False,False,False,False,False
110,56,black,Black positional controller,Ke4,e5e4,8/8/8/3Pk2p/6pP/6P1/8/3R3K b - - 11 55,8/8/8/3P3p/4k1pP/6P1/8/3R3K w - - 12 56,6.1258333333333335,6.14625,2,2,accurate,0.3,6.140873591845719,6.10625019075205,-0.03462340109366924,-0.03462340109366924,6.140873591845719,6.217060165833868,6.140873591845719,-0.07618657398814843,-0.07618657398814843,0,0,-0.07618657398814843,0.0,0.7319113604275019,2.079050627492257,2.079050627492257,2.079050627492257,2.079050627492257,2,2,2,,1,1,1,3,4,0,0,0,0,0,1.0,1.0,,2,60,1,1,1.0,22,0.0478609019992291,e5e4,True,6.10625019075205,6.10625019075205,,6.10625,-1.9075204971130688e-07,2,True,False,False,False,False,False
111,56,white,White material conservative,Kg2,h1g2,8/8/8/3P3p/4k1pP/6P1/8/3R3K w - - 12 56,8/8/8/3P3p/4k1pP/6P1/6K1/3R4 b - - 13 56,6.14625,6.10625,2,2,accurate,0.3,6.201399169443579,6.204423062140176,0.003023892696597308,0.003023892696597308,6.201399169443579,6.177491541926884,6.201399169443579,0.02390762751669495,0.02390762751669495,-1.588142470130002,-0.20820997662683075,1.820260074273528,-2.220446049250313e-16,0.1579696083030082,1.1711306015204244,1.1711306015204244,1.1711306015204244,1.1711306015204244,2,2,2,,1,3,1,16,13,10,0.3048840058346696,0.013347486927640153,0.3048840058346696,0.013347486927640153,0.6951159941653303,0.9866525130723599,,4,228,1,1,1.5,57,0.1503500660037389,h1g2,False,6.204423062140176,6.204423062140176,,6.05875,-0.14567306214017606,2,True,False,False,False,False,False
112,57,black,Black positional controller,Ke5,e4e5,8/8/8/3P3p/4k1pP/6P1/6K1/3R4 b - - 13 56,8/8/8/3Pk2p/6pP/6P1/6K1/3R4 w - - 14 57,6.10625,6.05875,2,2,accurate,0.3,6.217060165833868,6.109919688172642,-0.10714047766122548,-0.10714047766122548,6.217060165833868,6.140873591845719,6.217060165833868,0.07618657398814843,0.07618657398814843,0,0,0.07618657398814843,0.0,0.004230897330968415,1.0042398602129676,1.0042398602129676,1.0042398602129676,1.0042398602129676,2,2,2,,1,1,1,4,3,0,0,0,0,0,1.0,1.0,,4,244,3,1,1.0,75,0.16507950599770993,e4e5,True,6.109919688172642,6.109919688172642,,6.1525,0.042580311827357775,2,True,False,True,False,False,False
113,57,white,White material conservative,Re1+,d1e1,8/8/8/3Pk2p/6pP/6P1/6K1/3R4 w - - 14 57,8/8/8/3Pk2p/6pP/6P1/6K1/4R3 b - - 15 57,6.05875,6.1525,2,2,accurate,0.3,6.05875,6.1525,0.09375,0.09375,6.05875,6.201399169443579,6.05875,-0.14264916944357875,-0.14264916944357875,1.5766893834316182,0.19573418776530863,-1.9150727406405057,0.0,2.0351620564657944,7.653492322901754,7.653492322901754,7.653492322901754,7.653492322901754,0,0,0,,0,1,0,13,16,10,0.013347486927640153,0.3048840058346696,0.013347486927640153,0.3048840058346696,0.9866525130723599,0.6951159941653303,,1,1,0,0,0.0,33,0.002916676996392198,d1e1,False,6.1525,6.1525,,6.226666666666667,0.07416666666666671,1,False,False,False,False,False,False
114,58,black,Black positional controller,Kf5,e5f5,8/8/8/3Pk2p/6pP/6P1/6K1/4R3 b - - 15 57,8/8/8/3P1k1p/6pP/6P1/6K1/4R3 w - - 16 58,6.1525,6.226666666666667,2,2,accurate,0.3,5.066873403787941,2.3414306426149954e-10,-5.066873403553798,-5.066873403553798,5.066873403787941,6.217060165833868,5.066873403787941,-1.1501867620459265,-1.1501867620459265,0,0,-1.1501867620459265,0.0,0.00586847717231731,1.0058857304180597,1.0058857304180597,1.0058857304180597,1.0058857304180597,2,2,2,,1,1,1,3,5,0,0,0,0,0,1.0,1.0,,5,256,3,1,1.0,85,0.16674754999985453,e5f5,False,2.3414306426149954e-10,2.3414306426149954e-10,,6.285416666666666,6.285416666432523,1,False,False,False,False,False,False
115,58,white,White material conservative,Kf1,g2f1,8/8/8/3P1k1p/6pP/6P1/6K1/4R3 w - - 16 58,8/8/8/3P1k1p/6pP/6P1/8/4RK2 b - - 17 58,6.226666666666667,6.285416666666666,2,2,accurate,0.3,0.001259465385121375,6.3198448445049085,6.318585379119787,6.318585379119787,0.001259465385121375,6.05875,0.001259465385121375,-6.057490534614878,-6.057490534614878,-4.870435604812125,0.07514953908996326,-1.2622044688927165,0.0,0.0023566431653209347,1.0023594222314856,1.0023594222314856,1.0023594222314856,1.0023594222314856,2,2,2,,1,0,1,16,20,6,0.7853438853484663,0.00012987218784677048,0.7853438853484663,0.00012987218784677048,0.2146561146515336,0.9998701278121532,,4,404,1,1,1.0,63,0.2584533140034182,g2f1,False,6.3198448445049085,6.3198448445049085,,6.314166666666667,-0.005678177838241538,1,False,False,False,False,False,False
116,59,black,Black positional controller,Kg6,f5g6,8/8/8/3P1k1p/6pP/6P1/8/4RK2 b - - 17 58,8/8/6k1/3P3p/6pP/6P1/8/4RK2 w - - 18 59,6.285416666666666,6.314166666666667,2,2,accurate,0.3,6.405538096202408,6.353707436754324,-0.051830659448083516,-0.051830659448083516,6.405538096202408,5.066873403787941,6.405538096202408,1.3386646924144667,1.3386646924144667,0,0,1.3386646924144667,0.0,0.6401458717508055,1.8967575424693643,1.8967575424693643,1.8967575424693643,1.8967575424693643,2,2,2,,1,1,1,5,2,0,0,0,0,0,1.0,1.0,,2,114,1,1,1.0,20,0.08365943600074388,f5g6,True,6.353707436754324,6.353707436754324,,6.305416666666667,-0.048290770087657364,1,False,False,False,False,False,False
117,59,white,White material conservative,Re5,e1e5,8/8/6k1/3P3p/6pP/6P1/8/4RK2 w - - 18 59,8/8/6k1/3PR2p/6pP/6P1/8/5K2 b - - 19 59,6.314166666666667,6.305416666666667,2,2,accurate,0.3,6.301338124852867,6.34416641340061,0.04282828854774312,0.04282828854774312,6.301338124852867,0.001259465385121375,6.301338124852867,6.300078659467745,6.300078659467745,3.6857880810591483,2.615013465964214,-0.0007228875556180546,8.881784197001252e-16,0.03300990740883173,1.0335607790997712,1.0335607790997712,1.0335607790997712,1.0335607790997712,2,2,2,,1,1,1,20,16,12,0.9998850515998619,0.9999996944382534,0.9998850515998619,0.9999996944382534,0.00011494840013808448,3.055617466389069e-07,,7,609,2,1,2.142857142857143,267,0.38858566300041275,e1e5,False,6.34416641340061,6.34416641340061,,6.274166666666667,-0.06999974673394327,1,False,False,False,False,False,False
118,60,black,Black positional controller,Kf6,g6f6,8/8/6k1/3PR2p/6pP/6P1/8/5K2 b - - 19 59,8/8/5k2/3PR2p/6pP/6P1/8/5K2 w - - 20 60,6.305416666666667,6.274166666666667,2,2,accurate,0.3,6.3553174635782455,6.28292196699938,-0.07239549657886535,-0.07239549657886535,6.3553174635782455,6.405538096202408,6.3553174635782455,-0.05022063262416232,-0.05022063262416232,0,0,-0.05022063262416232,0.0,0.011652556379457241,1.0117207118859093,1.0117207118859093,1.0117207118859093,1.0117207118859093,2,2,2,,1,1,1,2,5,0,0,0,0,0,1.0,1.0,,3,158,1,1,1.0,62,0.10664243000064744,g6f6,False,6.28292196699938,6.28292196699938,,7.220416666666667,0.9374946996672868,1,False,False,False,False,False,False
119,60,white,White material conservative,Rxh5,e5h5,8/8/5k2/3PR2p/6pP/6P1/8/5K2 w - - 20 60,8/8/5k2/3P3R/6pP/6P1/8/5K2 b - - 0 60,6.274166666666667,7.220416666666667,2,2,accurate,0.3,6.339660597069934,7.2470811877523955,0.9074205906824613,0.9074205906824613,6.339660597069934,6.301338124852867,6.339660597069934,0.038322472217067194,0.038322472217067194,-1.4019509946128247e-06,-1.0869908997972908e-06,0.03832496115896156,4.85722573273506e-17,0.4109096541930107,1.5081890918420828,1.5081890918420828,1.5081890918420828,1.5081890918420828,2,2,2,,1,1,1,16,16,5,3.954071296860786e-07,7.67469950509875e-36,3.954071296860786e-07,7.67469950509875e-36,0.9999996045928704,0.9999999999999999,,5,350,2,1,1.0,179,0.20832539300317876,e5h5,True,7.2470811877523955,7.2470811877523955,,7.177083333333333,-0.06999785441906248,1,False,False,False,False,False,False
120,61,black,Black positional controller,Ke7,f6e7,8/8/5k2/3P3R/6pP/6P1/8/5K2 b - - 0 60,8/4k3/8/3P3R/6pP/6P1/8/5K2 w - - 1 61,7.220416666666667,7.177083333333333,2,2,accurate,0.3,7.270078167967281,7.237849251154182,-0.03222891681309914,-0.03222891681309914,7.270078167967281,6.3553174635782455,7.270078167967281,0.9147607043890353,0.9147607043890353,0,0,0.9147607043890353,0.0,1.053485974749515,2.867630201013751,2.867630201013751,2.867630201013751,2.867630201013751,2,2,2,,1,1,1,5,4,0,0,0,0,0,1.0,1.0,,2,67,1,1,1.0,14,0.04521291099808877,f6e7,True,7.237849251154182,7.237849251154182,,,,1,False,False,False,False,False,False
